Fartøy ID,Siste fangstdato,Lokasjon (kode),Lon (lokasjon),Lat (lokasjon),Art,Art - gruppe,Rundvekt,date
2003020085.0,25.06.2008,16.0,5.37624,59.23466,Breiflabb,"Annen flatfisk, bunnfisk og dypvannsfisk",74.2,2008-06-25
1987012189.0,23.10.2020,41.0,17.42042,68.91069,Hyse,Hyse,252.0,2020-10-23
,07.02.2015,23.0,22.5,71.25,Sei,Sei,0.0,2015-07-02
1980008546.0,20.12.2001,19.0,6.23771,59.3805,Lyr,Annen torskefisk,17.3,2001-12-20
2020113074.0,22.03.2021,20.0,10.5,59.25,Sjøkreps,"Andre skalldyr, bløtdyr og pigghuder",2.0,2021-03-22
1979001533.0,06.07.2005,26.0,25.37756,71.13554,Hyse,Hyse,17.1,2005-06-07
1997009082.0,20.07.2004,3.0,4.47778,61.2617,Gråsteinbit,Steinbiter,13.2,2004-07-20
1996002502.0,05.01.2008,2.0,19.5,70.25,Uer (vanlig),Uer,2.0,2008-05-01
2012059554.0,15.07.2021,33.0,5.59752,62.21811,Torsk,Torsk,5.9,2021-07-15
,14.09.2000,3.0,20.4513,70.26784,Kveite,"Annen flatfisk, bunnfisk og dypvannsfisk",4.4,2000-09-14
,25.07.2016,11.0,27.51996,71.21473,Sei,Sei,2.7,2016-07-25
1999008330.0,28.05.2009,18.0,11.56914,65.22203,Kveite,"Annen flatfisk, bunnfisk og dypvannsfisk",12.7,2009-05-28
1994001146.0,08.04.2015,12.0,8.49357,58.26584,Torsk,Torsk,0.0,2015-08-04
1992004299.0,29.11.2016,17.0,6.56095,58.25116,Hyse,Hyse,0.0,2016-11-29
1996012636.0,20.07.2011,17.0,6.56095,58.25116,Sei,Sei,6.6,2011-07-20
,17.01.2000,20.0,29.0,72.5,Torsk,Torsk,1986.0,2000-01-17
1991010801.0,28.04.2006,26.0,25.37756,71.13554,Torsk,Torsk,235.5,2006-04-28
2006035805.0,07.05.2007,27.0,21.79904,69.83414,Sei,Sei,70.2,2007-07-05
1987009411.0,17.11.2003,3.0,4.47778,61.2617,Lange,Annen torskefisk,2.8,2003-11-17
2014065952.0,27.02.2020,7.0,5.5,57.75,Smørflyndre,"Annen flatfisk, bunnfisk og dypvannsfisk",13.2,2020-02-27
1989003803.0,14.03.2013,33.0,12.68927,66.25914,Dypvannsreke,Dypvannsreke,107.0,2013-03-14
1996008694.0,01.10.2005,16.0,,,Lyr,Annen torskefisk,278.3,2005-01-10
1997007395.0,10.03.2007,24.0,15.47374,69.26583,Torsk,Torsk,1854.0,2007-10-03
2001015521.0,17.11.2013,5.0,25.0,76.25,Flekksteinbit,Steinbiter,0.0,2013-11-17
2019111873.0,14.08.2020,8.0,6.5,57.75,Annen skate og rokke,Skater og annen bruskfisk,5.0,2020-08-14
1999002713.0,30.09.2021,34.0,16.5,70.25,Norsk vårgytende sild,"Sild, norsk vårgytende",15339.0,2021-09-30
1994009874.0,06.08.2002,8.0,8.4814,63.76938,Torsk,Torsk,112.5,2002-06-08
,28.04.2004,8.0,8.4814,63.76938,Stort kamskjell (Kamskjell),"Andre skalldyr, bløtdyr og pigghuder",337.0,2004-04-28
1998011348.0,16.06.2001,28.0,15.5,69.75,Blåkveite,Blåkveite,0.0,2001-06-16
1994012421.0,06.11.2017,16.0,9.5,58.75,Dypvannsreke,Dypvannsreke,0.0,2017-06-11
1987005096.0,07.03.2008,19.0,13.5,68.75,Hyse,Hyse,21.7,2008-07-03
,19.07.2010,13.0,14.0,76.75,Blåkveite,Blåkveite,0.0,2010-07-19
1997009072.0,01.03.2002,14.0,12.5,68.25,Sei,Sei,518.4,2002-01-03
1987000439.0,05.05.2014,27.0,11.5,66.25,Lange,Annen torskefisk,14.0,2014-05-05
,07.08.2001,31.0,18.45225,69.80871,Hyse,Hyse,5.6,2001-07-08
1974007649.0,19.10.2006,32.0,13.51657,66.70542,Torsk,Torsk,7.5,2006-10-19
,22.11.2000,44.0,15.61145,68.27428,Norsk vårgytende sild,"Sild, norsk vårgytende",32346.0,2000-11-22
1982005981.0,08.08.2002,20.0,14.56401,68.75918,Sei,Sei,155.3,2002-08-08
1999009719.0,28.09.2019,25.0,9.61139,63.78643,Lange,Annen torskefisk,36.4,2019-09-28
1987004391.0,08.04.2019,25.0,24.52052,71.23199,Torsk,Torsk,1135.0,2019-08-04
,02.03.2020,7.0,7.49065,63.24359,Sei,Sei,4.05,2020-02-03
1989010876.0,01.03.2010,42.0,16.01984,68.79785,Brosme,Annen torskefisk,1.4,2010-01-03
1986012788.0,19.04.2002,8.0,6.5,57.75,Dypvannsreke,Dypvannsreke,799.0,2002-04-19
2009045928.0,28.06.2017,2.0,29.74327,69.93406,Torsk,Torsk,1205.0,2017-06-28
1999009259.0,18.02.2020,10.0,13.41423,67.82298,Torsk,Torsk,0.0,2020-02-18
1993001257.0,27.11.2020,16.0,9.5,58.75,Dypvannsreke,Dypvannsreke,0.0,2020-11-27
1989010547.0,01.03.2016,30.0,17.491,69.74206,Torsk,Torsk,,2016-01-03
2009048129.0,16.04.2021,2.0,4.51988,60.76585,Sei,Sei,190.35,2021-04-16
1988002568.0,14.11.2003,2.0,19.5,70.25,Torsk,Torsk,93.0,2003-11-14
1997004215.0,17.03.2005,23.0,22.5,71.25,Torsk,Torsk,19905.0,2005-03-17
1998012504.0,25.06.2013,20.0,10.5,59.25,Sei,Sei,96.0,2013-06-25
,12.02.2019,31.0,6.5624,62.76533,Hyse,Hyse,39.9,2019-12-02
1998007816.0,28.02.2008,24.0,15.47374,69.26583,Sei,Sei,78.3,2008-02-28
1990007110.0,12.03.2003,46.0,14.56579,68.15924,Torsk,Torsk,,2003-12-03
1997008560.0,01.02.2002,1.0,5.5,58.25,Pigghå,Haifisk,3.0,2002-01-02
2001015841.0,23.04.2020,8.0,8.4814,63.76938,Pigghå,Haifisk,35.0,2020-04-23
2010051388.0,18.03.2015,16.0,9.5,58.75,Rødspette,"Annen flatfisk, bunnfisk og dypvannsfisk",0.6,2015-03-18
1984012544.0,26.02.2004,20.0,10.5,59.25,Hyse,Hyse,2.9,2004-02-26
1996007882.0,02.02.2002,35.0,17.5,70.25,Uer (vanlig),Uer,2.0,2002-02-02
1999012621.0,28.09.2005,25.0,7.5,57.75,Torsk,Torsk,24.0,2005-09-28
1998001405.0,04.06.2004,6.0,29.42593,70.64198,Torsk,Torsk,25.5,2004-04-06
1997002119.0,31.05.2011,3.0,31.5,70.25,Kveite,"Annen flatfisk, bunnfisk og dypvannsfisk",46.2,2011-05-31
1998013077.0,28.09.2020,20.0,10.5,59.25,Slettvar,"Annen flatfisk, bunnfisk og dypvannsfisk",1.21,2020-09-28
2018107433.0,14.05.2020,25.0,9.61139,63.78643,Sjøkreps,"Andre skalldyr, bløtdyr og pigghuder",31.0,2020-05-14
2002018561.0,08.06.2018,12.0,8.49357,58.26584,Lyr,Annen torskefisk,1.15,2018-08-06
1985011660.0,19.03.2005,30.0,17.491,69.74206,Torsk,Torsk,,2005-03-19
1995011861.0,16.02.2009,2.0,19.5,70.25,Torsk,Torsk,9.0,2009-02-16
1994010358.0,16.11.2010,30.0,17.491,69.74206,Brosme,Annen torskefisk,65.8,2010-11-16
2020115174.0,04.08.2021,3.0,20.4513,70.26784,Sei,Sei,850.5,2021-04-08
2008043688.0,09.04.2018,15.0,5.22302,59.73966,Breiflabb,"Annen flatfisk, bunnfisk og dypvannsfisk",13.16,2018-09-04
2015070253.0,18.05.2021,16.0,9.5,58.75,Rødspette,"Annen flatfisk, bunnfisk og dypvannsfisk",1.1,2021-05-18
2014065873.0,07.12.2018,5.0,0.5,57.75,Breiflabb,"Annen flatfisk, bunnfisk og dypvannsfisk",108.0,2018-07-12
1999000863.0,02.04.2018,31.0,-1.5,59.25,Lomre,"Annen flatfisk, bunnfisk og dypvannsfisk",48.13,2018-02-04
2003024486.0,19.05.2009,9.0,9.5,57.75,Torsk,Torsk,3.5,2009-05-19
1983000369.0,16.05.2001,17.0,6.56095,58.25116,Breiflabb,"Annen flatfisk, bunnfisk og dypvannsfisk",1.4,2001-05-16
1995003791.0,06.01.2014,7.0,7.49065,63.24359,Sei,Sei,29.7,2014-06-01
2000013887.0,07.12.2001,15.0,5.22302,59.73966,Sei,Sei,725.0,2001-07-12
1975010906.0,04.03.2010,3.0,20.4513,70.26784,Hyse,Hyse,5.6,2010-04-03
1982009106.0,31.03.2008,4.0,4.5,61.75,Hyse,Hyse,38.8,2008-03-31
1983000499.0,02.02.2011,30.0,17.491,69.74206,Torsk,Torsk,4128.0,2011-02-02
2008043631.0,05.08.2008,16.0,5.37624,59.23466,Dypvannsreke,Dypvannsreke,800.0,2008-05-08
2003025965.0,17.04.2021,19.0,13.5,68.75,Kveite,"Annen flatfisk, bunnfisk og dypvannsfisk",33.75,2021-04-17
1991009695.0,31.01.2021,18.0,11.56914,65.22203,Torsk,Torsk,93.0,2021-01-31
2011053909.0,15.10.2019,23.0,0.5,58.75,Strømsild,Vassild og strømsild,2775.0,2019-10-15
,20.10.2000,20.0,10.5,59.25,Torsk,Torsk,14.2,2000-10-20
1997009232.0,04.02.2016,4.0,22.0,71.75,Flekksteinbit,Steinbiter,198.0,2016-04-02
,11.05.2000,1.0,5.5,58.25,Lysing,Annen torskefisk,3.6,2000-11-05
1999007181.0,17.03.2008,11.0,21.54827,70.73675,Torsk,Torsk,,2008-03-17
,01.04.2000,46.0,14.56579,68.15924,Torsk,Torsk,898.5,2000-01-04
1988009016.0,02.05.2019,82.0,-0.5,61.75,Sei,Sei,110.7,2019-02-05
1999001805.0,14.06.2008,1.0,18.5,70.25,Blåkveite,Blåkveite,,2008-06-14
1963006956.0,01.09.2003,23.0,14.5,69.25,Torsk,Torsk,465.0,2003-01-09
1976006108.0,12.01.2004,15.0,13.44548,68.29821,Torsk,Torsk,,2004-12-01
1998002288.0,21.03.2015,30.0,17.491,69.74206,Torsk,Torsk,1026.0,2015-03-21
2012057493.0,04.03.2017,3.0,20.4513,70.26784,Hyse,Hyse,5.6,2017-04-03
1985009480.0,07.03.2007,32.0,13.51657,66.70542,Hyse,Hyse,1.4,2007-07-03
1996001656.0,01.11.2012,11.0,21.54827,70.73675,Brosme,Annen torskefisk,9.8,2012-01-11
1990005807.0,15.10.2012,4.0,12.33333,67.33333,Sei,Sei,25.7,2012-10-15
,14.03.2018,33.0,12.68927,66.25914,Torsk,Torsk,30.68,2018-03-14
1987001262.0,03.05.2017,12.0,8.49357,58.26584,Brosme,Annen torskefisk,9.8,2017-03-05
2001016401.0,01.07.2018,15.0,31.5,71.25,Sei,Sei,10162.8,2018-01-07
2003024985.0,25.02.2004,20.0,10.5,59.25,Torsk,Torsk,21.2,2004-02-25
1998013077.0,16.03.2016,20.0,10.5,59.25,Dypvannsreke,Dypvannsreke,311.0,2016-03-16
2007039131.0,04.03.2018,8.0,8.4814,63.76938,Stort kamskjell (Kamskjell),"Andre skalldyr, bløtdyr og pigghuder",395.0,2018-04-03
1975012814.0,20.04.2006,25.0,7.5,57.75,Breiflabb,"Annen flatfisk, bunnfisk og dypvannsfisk",30.8,2006-04-20
1999012753.0,04.05.2005,25.0,7.5,57.75,Sei,Sei,150.0,2005-04-05
1986012788.0,21.03.2001,8.0,6.5,57.75,Sei,Sei,9.6,2001-03-21
1977009453.0,30.07.2002,4.0,4.5,61.75,Lysing,Annen torskefisk,15.6,2002-07-30
1994012956.0,14.03.2001,12.0,8.49357,58.26584,Hyse,Hyse,5.1,2001-03-14
1999009719.0,30.09.2008,25.0,9.61139,63.78643,Uer (vanlig),Uer,127.0,2008-09-30
1998003628.0,29.09.2005,64.0,1.5,60.75,Uspesifisert fisk,"Annen flatfisk, bunnfisk og dypvannsfisk",,2005-09-29
1979013053.0,09.09.2009,20.0,10.5,59.25,Ål,"Annen flatfisk, bunnfisk og dypvannsfisk",23.0,2009-09-09
1996008627.0,02.11.2006,19.0,,,Sei,Sei,812.7,2006-02-11
,26.05.2000,33.0,12.68927,66.25914,Brosme,Annen torskefisk,459.2,2000-05-26
1987004725.0,14.01.2013,33.0,5.59752,62.21811,Sei,Sei,918.0,2013-01-14
2002017624.0,27.01.2012,0.0,,,Stort kamskjell (Kamskjell),"Andre skalldyr, bløtdyr og pigghuder",300.0,2012-01-27
1987000383.0,31.07.2003,12.0,10.50548,64.74619,Torsk,Torsk,58.5,2003-07-31
1998001813.0,17.04.2015,25.0,16.61634,69.26902,Hyse,Hyse,163.0,2015-04-17
1987007175.0,06.02.2012,4.0,12.33333,67.33333,Torsk,Torsk,1200.0,2012-06-02
1997001626.0,21.08.2015,2.0,19.5,70.25,Torsk,Torsk,16.5,2015-08-21
1993010153.0,24.02.2011,30.0,17.491,69.74206,Torsk,Torsk,,2011-02-24
1997008778.0,19.09.2003,10.0,4.5,58.25,Dypvannsreke,Dypvannsreke,30.0,2003-09-19
,19.10.2005,12.0,8.49357,58.26584,Ål,"Annen flatfisk, bunnfisk og dypvannsfisk",47.0,2005-10-19
2012058408.0,10.05.2017,12.0,8.49357,58.26584,Rødspette,"Annen flatfisk, bunnfisk og dypvannsfisk",1.1,2017-10-05
1995011230.0,13.12.2021,27.0,21.79904,69.83414,Torsk,Torsk,9.0,2021-12-13
1986009731.0,03.05.2006,13.0,23.48981,70.7379,Torsk,Torsk,94.5,2006-03-05
1980010713.0,30.01.2001,41.0,17.42042,68.91069,Lyr,Annen torskefisk,6.5,2001-01-30
2002018442.0,11.01.2016,30.0,17.491,69.74206,Kveite,"Annen flatfisk, bunnfisk og dypvannsfisk",8.1,2016-11-01
1976006376.0,07.03.2007,10.0,13.41423,67.82298,Uer (vanlig),Uer,11.0,2007-07-03
,23.03.2002,4.0,12.33333,67.33333,Torsk,Torsk,,2002-03-23
1989005609.0,14.09.2001,24.0,15.47374,69.26583,Hyse,Hyse,161.0,2001-09-14
2006036265.0,18.06.2018,6.0,9.5,67.75,Blåkveite,Blåkveite,2579.0,2018-06-18
1964012128.0,23.04.2003,30.0,17.491,69.74206,Brosme,Annen torskefisk,9.8,2003-04-23
1994002569.0,31.08.2001,10.0,26.46578,71.23915,Brosme,Annen torskefisk,478.8,2001-08-31
1987011920.0,02.02.2002,39.0,19.33211,69.54236,Brosme,Annen torskefisk,15.4,2002-02-02
1982010225.0,11.01.2001,23.0,14.5,69.25,Sei,Sei,8.1,2001-11-01
1984010563.0,31.03.2014,11.0,21.54827,70.73675,Torsk,Torsk,3300.0,2014-03-31
1988002075.0,20.05.2020,6.0,29.42593,70.64198,Uer (vanlig),Uer,4.0,2020-05-20
,02.04.2000,48.0,13.71385,68.08439,Hyse,Hyse,400.4,2000-02-04
1993005654.0,25.01.2012,23.0,22.5,71.25,Torsk,Torsk,59979.0,2012-01-25
1985005994.0,29.04.2005,25.0,16.61634,69.26902,Brosme,Annen torskefisk,1.4,2005-04-29
1999000687.0,06.06.2011,0.0,,,Brosme,Annen torskefisk,107.8,2011-06-06
1981001989.0,13.01.2006,11.0,21.54827,70.73675,Sei,Sei,17.6,2006-01-13
1997012586.0,14.01.2009,12.0,8.49357,58.26584,Lange,Annen torskefisk,7.8,2009-01-14
1994000656.0,23.08.2004,20.0,10.5,59.25,Dypvannsreke,Dypvannsreke,78.5,2004-08-23
1998003827.0,28.04.2014,11.0,14.53782,67.75442,Hyse,Hyse,25.2,2014-04-28
1996009857.0,23.09.2013,6.0,9.55392,64.22308,Torsk,Torsk,18.0,2013-09-23
1995011672.0,24.04.2007,3.0,20.4513,70.26784,Gråsteinbit,Steinbiter,13.2,2007-04-24
1999003084.0,21.04.2008,25.0,7.5,57.75,Sei,Sei,8.4,2008-04-21
2008043869.0,25.03.2012,6.0,5.5,62.75,Hyse,Hyse,117.4,2012-03-25
1974004165.0,15.05.2001,53.0,2.5,61.25,Lysing,Annen torskefisk,272.4,2001-05-15
1990010087.0,01.02.2015,24.0,15.47374,69.26583,Torsk,Torsk,59.0,2015-01-02
,15.12.2003,0.0,,,Gapeflyndre,"Annen flatfisk, bunnfisk og dypvannsfisk",0.0,2003-12-15
2011052988.0,25.05.2011,3.0,20.4513,70.26784,Sei,Sei,29.7,2011-05-25
1979007114.0,09.03.2018,50.0,13.66667,67.61111,Torsk,Torsk,0.0,2018-09-03
,30.04.2000,8.0,8.4814,63.76938,Brosme,Annen torskefisk,30.8,2000-04-30
1988013144.0,19.06.2006,20.0,10.5,59.25,Lange,Annen torskefisk,8.4,2006-06-19
1994000454.0,04.12.2021,24.0,15.47374,69.26583,Torsk,Torsk,270.0,2021-04-12
,01.03.2016,31.0,6.5624,62.76533,Torsk,Torsk,2.4,2016-01-03
,28.03.2003,4.0,4.5,61.75,Rødspette,"Annen flatfisk, bunnfisk og dypvannsfisk",4.4,2003-03-28
1987011480.0,22.03.2012,2.0,19.5,70.25,Kveite,"Annen flatfisk, bunnfisk og dypvannsfisk",50.0,2012-03-22
1983004220.0,05.06.2019,7.0,7.49065,63.24359,Torsk,Torsk,9.0,2019-05-06
1986010772.0,25.05.2012,12.0,22.55833,70.7874,Rognkjeks (hun),"Annen flatfisk, bunnfisk og dypvannsfisk",17430.0,2012-05-25
1979004418.0,26.08.2014,34.0,6.21667,62.44167,Lysing,Annen torskefisk,9.6,2014-08-26
1997013064.0,06.02.2003,17.0,10.5,58.75,Torsk,Torsk,43.1,2003-06-02
1996000076.0,22.12.2021,17.0,6.56095,58.25116,Akkar,"Andre skalldyr, bløtdyr og pigghuder",11.0,2021-12-22
2018107777.0,07.08.2021,30.0,17.491,69.74206,Breiflabb,"Annen flatfisk, bunnfisk og dypvannsfisk",42.0,2021-07-08
2017074933.0,24.09.2017,75.0,5.5,57.25,Gråsteinbit,Steinbiter,25.3,2017-09-24
1986012412.0,26.09.2013,16.0,9.5,58.75,Hyse,Hyse,3.4,2013-09-26
1982012921.0,15.10.2008,25.0,7.5,57.75,Breiflabb,"Annen flatfisk, bunnfisk og dypvannsfisk",12.0,2008-10-15
1999012753.0,27.05.2009,1.0,5.5,58.25,Dypvannsreke,Dypvannsreke,1447.0,2009-05-27
1967011839.0,10.02.2014,30.0,17.491,69.74206,Torsk,Torsk,8352.0,2014-10-02
2008045229.0,18.06.2010,74.0,4.5,57.25,Smørflyndre,"Annen flatfisk, bunnfisk og dypvannsfisk",2.2,2010-06-18
1979013181.0,02.01.2014,20.0,10.5,59.25,Smørflyndre,"Annen flatfisk, bunnfisk og dypvannsfisk",1.1,2014-02-01
1992002817.0,04.10.2010,11.0,27.51996,71.21473,Brosme,Annen torskefisk,49.0,2010-04-10
1986008139.0,19.02.2017,23.0,14.5,69.25,Gråsteinbit,Steinbiter,3.3,2017-02-19
,21.11.2000,16.0,5.37624,59.23466,Pigghå,Haifisk,67.0,2000-11-21
2012057148.0,05.05.2020,6.0,16.5,70.75,Torsk,Torsk,0.0,2020-05-05
1985009774.0,26.02.2004,46.0,14.56579,68.15924,Torsk,Torsk,,2004-02-26
2006036648.0,25.06.2010,30.0,17.491,69.74206,Lange,Annen torskefisk,4480.0,2010-06-25
2005032765.0,08.10.2005,27.0,11.5,66.25,Torsk,Torsk,16.5,2005-08-10
2010052688.0,23.06.2011,23.0,14.5,69.25,Uer (vanlig),Uer,410.0,2011-06-23
2000013578.0,22.02.2017,8.0,6.5,57.75,Lomre,"Annen flatfisk, bunnfisk og dypvannsfisk",0.6,2017-02-22
1978004792.0,13.03.2001,33.0,5.59752,62.21811,Sei,Sei,23.0,2001-03-13
2009049228.0,02.03.2010,10.0,13.41423,67.82298,Lange,Annen torskefisk,7.0,2010-02-03
2002018761.0,05.02.2008,10.0,13.41423,67.82298,Kveite,"Annen flatfisk, bunnfisk og dypvannsfisk",4.4,2008-05-02
1996010159.0,08.02.2018,30.0,7.67022,57.81892,Torsk,Torsk,14.16,2018-08-02
2003023825.0,07.01.2008,23.0,14.5,69.25,Hyse,Hyse,28.5,2008-07-01
1975001278.0,27.06.2006,12.0,8.49357,58.26584,Ål,"Annen flatfisk, bunnfisk og dypvannsfisk",89.0,2006-06-27
1997002893.0,03.09.2015,30.0,17.491,69.74206,Torsk,Torsk,28.5,2015-03-09
2000013544.0,27.03.2007,3.0,11.5,67.25,Sei,Sei,47.3,2007-03-27
1999012487.0,12.10.2005,20.0,10.5,59.25,Torsk,Torsk,48.4,2005-12-10
,02.04.2000,47.0,14.15556,67.94444,Breiflabb,"Annen flatfisk, bunnfisk og dypvannsfisk",11.2,2000-02-04
1987009997.0,13.10.2004,8.0,8.4814,63.76938,Torsk,Torsk,7.5,2004-10-13
1978009890.0,30.11.2007,25.0,9.61139,63.78643,Torsk,Torsk,18.0,2007-11-30
2005031425.0,01.02.2009,6.0,5.5,62.75,Sei,Sei,35.0,2009-01-02
,21.04.2004,16.0,9.5,58.75,Sei,Sei,6.0,2004-04-21
1984005386.0,06.02.2006,20.0,14.56401,68.75918,Torsk,Torsk,,2006-06-02
,24.09.2002,1.0,5.5,58.25,Ål,"Annen flatfisk, bunnfisk og dypvannsfisk",39.3,2002-09-24
1991013042.0,17.06.2013,20.0,10.5,59.25,Makrell,Makrell,87.0,2013-06-17
2000013628.0,31.03.2004,0.0,,,Blåkveite,Blåkveite,1395.7,2004-03-31
1990010008.0,31.08.2004,8.0,8.4814,63.76938,Breiflabb,"Annen flatfisk, bunnfisk og dypvannsfisk",119.0,2004-08-31
1979004636.0,01.03.2004,4.0,12.33333,67.33333,Torsk,Torsk,,2004-01-03
1998005143.0,11.09.2008,23.0,14.5,69.25,Hyse,Hyse,289.6,2008-11-09
1996005413.0,10.12.2002,23.0,14.5,69.25,Torsk,Torsk,322.5,2002-10-12
1987006518.0,09.03.2015,48.0,13.71385,68.08439,Hyse,Hyse,5.7,2015-09-03
1975012814.0,05.12.2019,14.0,10.5,58.25,Torsk,Torsk,0.0,2019-05-12
1995000447.0,22.01.2012,31.0,18.45225,69.80871,Torsk,Torsk,2086.2,2012-01-22
1998012694.0,26.04.2004,25.0,7.5,57.75,Smørflyndre,"Annen flatfisk, bunnfisk og dypvannsfisk",1.1,2004-04-26
2004029193.0,16.07.2011,16.0,9.5,58.75,Smørflyndre,"Annen flatfisk, bunnfisk og dypvannsfisk",1.7,2011-07-16
1992008868.0,29.04.2009,40.0,5.52325,60.70822,Breiflabb,"Annen flatfisk, bunnfisk og dypvannsfisk",35.0,2009-04-29
1999005515.0,31.08.2007,27.0,11.5,66.25,Sei,Sei,16.2,2007-08-31
1997011778.0,21.06.2001,3.0,20.4513,70.26784,Flekksteinbit,Steinbiter,39.6,2001-06-21
2000013210.0,26.01.2011,6.0,29.42593,70.64198,Torsk,Torsk,,2011-01-26
1989000829.0,25.11.2008,2.0,29.74327,69.93406,"Kongekrabbe, han-","Kongekrabbe, han",48.0,2008-11-25
1977004181.0,20.08.2002,15.0,-6.5,62.75,Lange,Annen torskefisk,3801.0,2002-08-20
2000013336.0,24.05.2019,6.0,29.42593,70.64198,Torsk,Torsk,106.5,2019-05-24
2002016624.0,13.09.2012,16.0,14.57428,68.40364,Sei,Sei,129.6,2012-09-13
2002016987.0,19.03.2003,32.0,13.51657,66.70542,Hyse,Hyse,25.2,2003-03-19
1981006263.0,20.08.2009,7.0,30.5,70.66667,Sei,Sei,286.2,2009-08-20
1997001911.0,23.01.2007,25.0,26.79157,70.49274,Brosme,Annen torskefisk,11.2,2007-01-23
1996003824.0,16.01.2012,16.0,9.5,58.75,Lyr,Annen torskefisk,0.6,2012-01-16
1998001975.0,10.08.2006,10.0,26.46578,71.23915,Sei,Sei,252.5,2006-10-08
1997002753.0,24.10.2009,5.0,28.06428,70.41512,"Kongekrabbe, han-","Kongekrabbe, han",27.0,2009-10-24
1998012857.0,14.03.2013,6.0,5.5,62.75,Lysing,Annen torskefisk,1161.6,2013-03-14
2000000824.0,10.04.2017,11.0,21.54827,70.73675,Torsk,Torsk,,2017-10-04
1989005179.0,30.06.2021,16.0,14.57428,68.40364,Makrell,Makrell,28297.0,2021-06-30
1991001560.0,21.05.2005,6.0,29.42593,70.64198,Torsk,Torsk,21.0,2005-05-21
1992009658.0,26.07.2020,46.0,14.56579,68.15924,Kveite,"Annen flatfisk, bunnfisk og dypvannsfisk",3.3,2020-07-26
1980006615.0,08.03.2004,0.0,,,Sei,Sei,16206.8,2004-08-03
1993012439.0,30.03.2016,16.0,9.5,58.75,Dypvannsreke,Dypvannsreke,116.5,2016-03-30
1978006586.0,14.05.2007,11.0,21.54827,70.73675,Sei,Sei,114.8,2007-05-14
1986006453.0,02.04.2008,32.0,13.51657,66.70542,Sei,Sei,12.2,2008-02-04
1999007805.0,18.02.2004,48.0,13.71385,68.08439,Torsk,Torsk,,2004-02-18
2005033286.0,12.08.2013,7.0,7.49065,63.24359,Lysing,Annen torskefisk,16.8,2013-12-08
,18.02.2000,35.0,17.5,70.25,Sei,Sei,8.1,2000-02-18
1972002500.0,10.08.2009,25.0,26.79157,70.49274,Torsk,Torsk,94.5,2009-10-08
1996009004.0,06.07.2007,4.0,4.5,61.75,Gråsteinbit,Steinbiter,11.6,2007-06-07
1987006649.0,17.02.2004,24.0,15.47374,69.26583,Torsk,Torsk,,2004-02-17
2009047888.0,24.11.2021,20.0,10.5,59.25,Pigghå,Haifisk,16.0,2021-11-24
1988007950.0,16.04.2013,48.0,13.71385,68.08439,Torsk,Torsk,109.5,2013-04-16
1997008645.0,21.03.2005,1.0,5.5,58.25,Dypvannsreke,Dypvannsreke,20.0,2005-03-21
,11.04.2000,5.0,22.46289,70.33884,Torsk,Torsk,318.0,2000-11-04
1994012428.0,04.06.2005,16.0,9.5,58.75,Tunge,"Annen flatfisk, bunnfisk og dypvannsfisk",1.1,2005-04-06
1982012921.0,04.09.2001,17.0,6.56095,58.25116,Lyr,Annen torskefisk,1.2,2001-04-09
2000013602.0,27.11.2007,27.0,11.5,66.25,Breiflabb,"Annen flatfisk, bunnfisk og dypvannsfisk",61.2,2007-11-27
,30.03.2000,54.0,15.59004,67.05744,Torsk,Torsk,,2000-03-30
1996010836.0,13.02.2003,3.0,20.4513,70.26784,Torsk,Torsk,,2003-02-13
1977003040.0,26.09.2008,40.0,5.52325,60.70822,Breiflabb,"Annen flatfisk, bunnfisk og dypvannsfisk",44.8,2008-09-26
1976006670.0,02.03.2001,15.0,13.44548,68.29821,Lange,Annen torskefisk,100.8,2001-02-03
2000013865.0,05.01.2004,25.0,7.5,57.75,Dypvannsreke,Dypvannsreke,220.0,2004-05-01
1988012447.0,12.09.2002,20.0,10.5,59.25,Dypvannsreke,Dypvannsreke,72.0,2002-12-09
1992009708.0,10.11.2008,27.0,11.5,66.25,Torsk,Torsk,27.0,2008-10-11
2013060753.0,16.01.2019,19.0,6.5,63.25,Torsk,Torsk,22.5,2019-01-16
1973004689.0,15.11.2017,6.0,14.0,76.25,Blåkveite,Blåkveite,0.0,2017-11-15
1992012935.0,09.07.2018,30.0,7.67022,57.81892,Torsk,Torsk,4.72,2018-09-07
2006036648.0,16.01.2013,30.0,17.491,69.74206,Torsk,Torsk,3798.0,2013-01-16
2008044648.0,05.11.2014,77.0,7.5,57.25,Lyr,Annen torskefisk,58.7,2014-05-11
2015071742.0,15.08.2020,73.0,0.5,61.25,Sei,Sei,0.0,2020-08-15
1998008686.0,20.02.2007,17.0,6.56095,58.25116,Lyr,Annen torskefisk,61.0,2007-02-20
,17.11.2000,17.0,6.56095,58.25116,Sei,Sei,2.4,2000-11-17
1997000416.0,23.01.2009,23.0,14.5,69.25,Torsk,Torsk,315.0,2009-01-23
1989003382.0,10.11.2020,19.0,6.23771,59.3805,Blålange,Annen torskefisk,31.2,2020-10-11
1997011233.0,14.10.2009,3.0,20.4513,70.26784,Brosme,Annen torskefisk,50.4,2009-10-14
2001015121.0,06.11.2019,27.0,21.79904,69.83414,Breiflabb,"Annen flatfisk, bunnfisk og dypvannsfisk",5.6,2019-06-11
1972011241.0,21.09.2006,30.0,17.491,69.74206,Lange,Annen torskefisk,12.6,2006-09-21
1992003394.0,31.01.2006,4.0,12.33333,67.33333,Sei,Sei,39.2,2006-01-31
,23.05.2000,13.0,23.48981,70.7379,Brosme,Annen torskefisk,280.0,2000-05-23
1997008771.0,03.06.2002,1.0,5.5,58.25,Sei,Sei,1.2,2002-03-06
2000013711.0,06.11.2001,17.0,10.5,58.75,Dypvannsreke,Dypvannsreke,98.0,2001-06-11
1999013090.0,14.03.2005,20.0,10.5,59.25,Rødspette,"Annen flatfisk, bunnfisk og dypvannsfisk",1.7,2005-03-14
1999004237.0,25.03.2016,15.0,13.44548,68.29821,Torsk,Torsk,1127.0,2016-03-25
2012056968.0,03.01.2013,25.0,16.61634,69.26902,Torsk,Torsk,84.0,2013-03-01
1983006959.0,12.10.2016,48.0,13.71385,68.08439,Brosme,Annen torskefisk,8.4,2016-12-10
2002019003.0,21.02.2021,15.0,13.44548,68.29821,Torsk,Torsk,0.0,2021-02-21
1999003656.0,03.07.2003,33.0,5.59752,62.21811,Hyse,Hyse,17.1,2003-03-07
1997009230.0,19.12.2007,24.0,25.53489,70.46517,Kongekrabbe,"Kongekrabbe, annen",149.0,2007-12-19
1999012621.0,07.12.2005,25.0,7.5,57.75,Hyse,Hyse,1.7,2005-07-12
1994010767.0,05.02.2016,30.0,17.491,69.74206,Torsk,Torsk,7.5,2016-05-02
1994006040.0,21.02.2019,19.0,13.5,68.75,Sei,Sei,9.45,2019-02-21
2000013200.0,31.10.2003,26.0,25.37756,71.13554,Sei,Sei,40.5,2003-10-31
1987005530.0,20.02.2014,18.0,11.56914,65.22203,Torsk,Torsk,126.0,2014-02-20
1990004459.0,04.06.2021,24.0,15.47374,69.26583,Torsk,Torsk,196.5,2021-04-06
1998012694.0,21.02.2019,30.0,7.67022,57.81892,Dypvannsreke,Dypvannsreke,3.5,2019-02-21
,25.03.2010,17.0,6.56095,58.25116,Lyr,Annen torskefisk,24.2,2010-03-25
1986008139.0,16.02.2009,3.0,11.5,67.25,Sei,Sei,74.3,2009-02-16
,16.04.2021,23.0,11.5,65.75,Hyse,Hyse,1.4,2021-04-16
1985005994.0,15.08.2008,25.0,16.61634,69.26902,Sei,Sei,13.5,2008-08-15
,27.09.2000,1.0,5.5,58.25,Lyr,Annen torskefisk,41.4,2000-09-27
1999006048.0,09.04.2021,45.0,15.57921,67.93413,Lange,Annen torskefisk,180.6,2021-09-04
2011056570.0,06.07.2012,16.0,5.37624,59.23466,Breiflabb,"Annen flatfisk, bunnfisk og dypvannsfisk",8.4,2012-06-07
2005032685.0,10.01.2012,17.0,6.56095,58.25116,Dypvannsreke,Dypvannsreke,38.0,2012-10-01
1995005068.0,12.01.2010,6.0,16.5,70.75,Sei,Sei,0.0,2010-12-01
,31.10.2021,8.0,41.0,71.5,Torsk,Torsk,0.0,2021-10-31
2014065813.0,05.09.2018,20.0,10.5,59.25,Dypvannsreke,Dypvannsreke,0.0,2018-05-09
1999003840.0,28.03.2001,26.0,25.37756,71.13554,Kveite,"Annen flatfisk, bunnfisk og dypvannsfisk",3.3,2001-03-28
2001015822.0,09.08.2008,31.0,12.50313,66.74865,Torsk,Torsk,22.5,2008-09-08
1998006489.0,11.10.2002,32.0,13.51657,66.70542,"Taskekrabbe, hun-",Taskekrabbe,274.0,2002-11-10
2013063712.0,18.03.2014,13.0,23.48981,70.7379,Torsk,Torsk,4763.7,2014-03-18
1987005596.0,17.08.2009,30.0,17.491,69.74206,Gråsteinbit,Steinbiter,69.3,2009-08-17
1995010800.0,26.02.2007,2.0,19.5,70.25,Brosme,Annen torskefisk,2.8,2007-02-26
1968008399.0,29.10.2018,18.0,11.56914,65.22203,"Taskekrabbe, han-",Taskekrabbe,16.0,2018-10-29
1995001942.0,21.11.2002,2.0,29.74327,69.93406,Torsk,Torsk,303.0,2002-11-21
1965013136.0,02.11.2006,20.0,10.5,59.25,Lange,Annen torskefisk,0.6,2006-02-11
2011055068.0,15.02.2012,35.0,17.5,70.25,Torsk,Torsk,,2012-02-15
2007037288.0,04.03.2018,30.0,17.491,69.74206,Sei,Sei,291.0,2018-04-03
1997012592.0,03.03.2010,1.0,5.5,58.25,Smørflyndre,"Annen flatfisk, bunnfisk og dypvannsfisk",1.1,2010-03-03
,15.06.2000,15.0,5.22302,59.73966,Pigghå,Haifisk,2.2,2000-06-15
1998001095.0,15.01.2010,16.0,5.37624,59.23466,Sei,Sei,1.2,2010-01-15
2002017008.0,29.01.2016,24.0,23.5,71.25,Torsk,Torsk,,2016-01-29
2000013414.0,26.01.2009,10.0,13.41423,67.82298,Torsk,Torsk,33.0,2009-01-26
1978006157.0,25.09.2007,24.0,15.47374,69.26583,Hyse,Hyse,248.5,2007-09-25
1998006556.0,28.02.2004,14.0,12.5,68.25,Torsk,Torsk,,2004-02-28
2005032505.0,16.11.2020,3.0,20.4513,70.26784,Kveite,"Annen flatfisk, bunnfisk og dypvannsfisk",44.55,2020-11-16
1998002272.0,19.05.2004,0.0,,,Torsk,Torsk,1266.0,2004-05-19
1990003005.0,13.11.2021,27.0,21.79904,69.83414,Hyse,Hyse,5.7,2021-11-13
1992005027.0,08.04.2003,10.0,13.41423,67.82298,Brosme,Annen torskefisk,11.2,2003-08-04
1998004882.0,10.03.2005,24.0,15.47374,69.26583,Uer (vanlig),Uer,7.0,2005-10-03
1997012509.0,11.11.2010,20.0,10.5,59.25,Sjøkreps,"Andre skalldyr, bløtdyr og pigghuder",29.5,2010-11-11
1997002893.0,17.02.2003,41.0,5.38093,60.22739,Sei,Sei,445.5,2003-02-17
1993007774.0,20.01.2014,23.0,14.5,69.25,Torsk,Torsk,127.4,2014-01-20
1997003689.0,13.08.2020,12.0,10.50548,64.74619,Lyr,Annen torskefisk,161.2,2020-08-13
2005031425.0,11.12.2014,25.0,26.79157,70.49274,"Kongekrabbe, han-","Kongekrabbe, han",348.0,2014-11-12
1991007095.0,06.09.2020,53.0,14.43561,67.19701,Kveite,"Annen flatfisk, bunnfisk og dypvannsfisk",72.9,2020-06-09
1990001797.0,22.05.2018,6.0,29.42593,70.64198,Hyse,Hyse,66.12,2018-05-22
1994012421.0,16.11.2005,16.0,9.5,58.75,Sjøkreps,"Andre skalldyr, bløtdyr og pigghuder",1.0,2005-11-16
1979008619.0,01.09.2003,13.0,3.5,59.25,Lange,Annen torskefisk,15.6,2003-01-09
1985012290.0,30.06.2006,1.0,18.5,70.25,Kveite,"Annen flatfisk, bunnfisk og dypvannsfisk",12.2,2006-06-30
1988005658.0,03.04.2013,18.0,11.56914,65.22203,Hyse,Hyse,288.4,2013-03-04
1999012621.0,25.01.2007,25.0,7.5,57.75,Torsk,Torsk,36.6,2007-01-25
1970004957.0,10.11.2008,7.0,30.5,70.66667,Sei,Sei,4303.8,2008-10-11
1986005688.0,18.03.2013,10.0,13.41423,67.82298,Brosme,Annen torskefisk,14.0,2013-03-18
1994000454.0,28.11.2007,10.0,26.46578,71.23915,Sei,Sei,1035.5,2007-11-28
,10.10.2000,5.0,13.53719,67.22556,Norsk vårgytende sild,"Sild, norsk vårgytende",30232.0,2000-10-10
1994000341.0,19.08.2013,32.0,13.51657,66.70542,"Taskekrabbe, han-",Taskekrabbe,83.5,2013-08-19
1994004003.0,18.09.2006,6.0,5.5,62.75,Lysing,Annen torskefisk,306.6,2006-09-18
1999004200.0,23.09.2008,18.0,11.56914,65.22203,Uer (vanlig),Uer,115.3,2008-09-23
1996009873.0,18.12.2014,25.0,9.61139,63.78643,Lyr,Annen torskefisk,3.9,2014-12-18
1993006606.0,11.09.2001,53.0,14.43561,67.19701,Torsk,Torsk,66.0,2001-11-09
2001015921.0,15.03.2013,25.0,24.52052,71.23199,Torsk,Torsk,102.0,2013-03-15
1982010448.0,04.01.2005,37.0,17.20863,68.34791,Norsk vårgytende sild,"Sild, norsk vårgytende",4680.0,2005-04-01
2006036125.0,19.05.2014,20.0,10.5,59.25,Rødspette,"Annen flatfisk, bunnfisk og dypvannsfisk",0.0,2014-05-19
1994004984.0,15.09.2001,23.0,14.5,69.25,Brosme,Annen torskefisk,21.0,2001-09-15
1983004930.0,09.11.2009,24.0,15.47374,69.26583,Torsk,Torsk,195.0,2009-09-11
1988002266.0,16.02.2010,10.0,26.46578,71.23915,Brosme,Annen torskefisk,2.8,2010-02-16
1967006551.0,15.01.2005,3.0,11.5,67.25,Sei,Sei,4.1,2005-01-15
2001014861.0,06.04.2002,7.0,7.49065,63.24359,Lyr,Annen torskefisk,325.0,2002-06-04
1998013075.0,20.01.2014,20.0,10.5,59.25,Dypvannsreke,Dypvannsreke,97.0,2014-01-20
1964012050.0,23.04.2010,29.0,20.85193,69.51502,Kveite,"Annen flatfisk, bunnfisk og dypvannsfisk",4.1,2010-04-23
2002019184.0,03.11.2014,17.0,10.5,58.75,Dypvannsreke,Dypvannsreke,1.0,2014-03-11
1999010406.0,17.08.2001,30.0,17.491,69.74206,Sei,Sei,78.3,2001-08-17
1992001651.0,21.02.2011,6.0,29.42593,70.64198,"Kongekrabbe, han-","Kongekrabbe, han",102.0,2011-02-21
2009047148.0,26.02.2010,20.0,14.56401,68.75918,Torsk,Torsk,,2010-02-26
1986003853.0,30.05.2017,4.0,22.0,73.75,Blåkveite,Blåkveite,,2017-05-30
1976006525.0,05.10.2006,48.0,13.71385,68.08439,Hyse,Hyse,10.3,2006-05-10
1997004182.0,11.10.2015,54.0,2.5,59.25,Torsk,Torsk,212.4,2015-11-10
1996000465.0,23.02.2015,46.0,14.56579,68.15924,Brosme,Annen torskefisk,4.2,2015-02-23
1985011522.0,15.04.2010,10.0,26.46578,71.23915,Torsk,Torsk,886.5,2010-04-15
2015070973.0,15.05.2018,16.0,9.5,58.75,Smørflyndre,"Annen flatfisk, bunnfisk og dypvannsfisk",0.0,2018-05-15
1979012898.0,21.06.2006,17.0,6.56095,58.25116,Torsk,Torsk,7.1,2006-06-21
,19.02.2000,16.0,5.37624,59.23466,Piggvar,"Annen flatfisk, bunnfisk og dypvannsfisk",4.0,2000-02-19
2004027345.0,04.04.2008,12.0,10.50548,64.74619,Sei,Sei,405.0,2008-04-04
1989007013.0,02.04.2014,48.0,13.71385,68.08439,Torsk,Torsk,34.5,2014-02-04
1979006973.0,26.04.2004,6.0,29.42593,70.64198,Torsk,Torsk,4777.5,2004-04-26
2008044968.0,10.06.2018,30.0,17.491,69.74206,Blåkveite,Blåkveite,2054.0,2018-10-06
,11.03.2000,48.0,13.71385,68.08439,Rødspette,"Annen flatfisk, bunnfisk og dypvannsfisk",5.5,2000-11-03
1983011111.0,23.04.2020,12.0,22.55833,70.7874,Torsk,Torsk,225.0,2020-04-23
1999013105.0,01.06.2018,17.0,10.5,58.75,Dypvannsreke,Dypvannsreke,17.0,2018-01-06
1989000900.0,06.10.2012,24.0,25.53489,70.46517,Flekksteinbit,Steinbiter,15.0,2012-06-10
1990005578.0,31.01.2003,23.0,14.5,69.25,Hyse,Hyse,7.0,2003-01-31
2001013921.0,26.08.2004,19.0,13.5,68.75,Rødspette,"Annen flatfisk, bunnfisk og dypvannsfisk",57.2,2004-08-26
1995009806.0,14.11.2002,35.0,6.777,62.25527,Torsk,Torsk,85.5,2002-11-14
1985007617.0,22.01.2014,31.0,12.50313,66.74865,Torsk,Torsk,89.7,2014-01-22
1966007491.0,02.04.2015,13.0,11.5,68.25,Torsk,Torsk,4144.5,2015-02-04
1998012393.0,17.03.2014,16.0,9.5,58.75,Hyse,Hyse,0.0,2014-03-17
2007038148.0,03.02.2015,25.0,7.5,57.75,Sei,Sei,0.0,2015-03-02
1987005594.0,08.02.2021,10.0,13.41423,67.82298,Hyse,Hyse,36.0,2021-08-02
1983010007.0,03.05.2018,24.0,7.5,63.75,Torsk,Torsk,21.0,2018-03-05
1973004471.0,09.05.2017,33.0,5.59752,62.21811,Hyse,Hyse,19.4,2017-09-05
1980003244.0,26.03.2001,15.0,5.22302,59.73966,Brosme,Annen torskefisk,1.4,2001-03-26
1987002785.0,24.05.2002,0.0,,,Hyse,Hyse,14.0,2002-05-24
2020112993.0,08.10.2020,12.0,10.50548,64.74619,Hyse,Hyse,77.52,2020-08-10
2011056010.0,05.05.2021,12.0,28.48711,71.23613,Hyse,Hyse,221.16,2021-05-05
1999012487.0,04.10.2007,20.0,10.5,59.25,Torsk,Torsk,15.3,2007-04-10
1998008503.0,12.09.2006,16.0,,,Torsk,Torsk,27.1,2006-12-09
1994007575.0,24.09.2019,28.0,19.89177,69.64928,Uer (vanlig),Uer,34.0,2019-09-24
1999008990.0,01.08.2001,4.0,4.5,61.75,Kveite,"Annen flatfisk, bunnfisk og dypvannsfisk",33.8,2001-01-08
1998001975.0,24.06.2019,24.0,25.53489,70.46517,"Kongekrabbe, hun-","Kongekrabbe, annen",16.0,2019-06-24
1995012361.0,12.02.2009,16.0,9.5,58.75,Dypvannsreke,Dypvannsreke,135.0,2009-12-02
1998004379.0,12.02.2007,48.0,13.71385,68.08439,Breiflabb,"Annen flatfisk, bunnfisk og dypvannsfisk",2.8,2007-12-02
1983012925.0,09.09.2013,12.0,8.49357,58.26584,Torsk,Torsk,0.0,2013-09-09
1983010413.0,19.01.2001,42.0,16.01984,68.79785,Hyse,Hyse,28.0,2001-01-19
2000013656.0,30.08.2002,2.0,19.5,70.25,Uer (vanlig),Uer,2.0,2002-08-30
2014066552.0,09.12.2014,1.0,5.5,58.25,Annen skate og rokke,Skater og annen bruskfisk,40.0,2014-09-12
1999004246.0,24.07.2021,20.0,-23.5,63.25,Blåkveite,Blåkveite,225.2,2021-07-24
2008045528.0,12.03.2021,6.0,5.5,62.75,Lyr,Annen torskefisk,316.25,2021-12-03
,11.11.2016,17.0,8.0,79.25,Snabeluer,Uer,0.0,2016-11-11
1998000208.0,04.05.2009,3.0,20.4513,70.26784,Rognkjeks (hun),"Annen flatfisk, bunnfisk og dypvannsfisk",1748.7,2009-04-05
1998013091.0,17.06.2009,20.0,10.5,59.25,Torsk,Torsk,11.8,2009-06-17
1991004831.0,25.08.2004,24.0,7.5,63.75,Lyr,Annen torskefisk,509.6,2004-08-25
1986010496.0,06.04.2006,27.0,21.79904,69.83414,Torsk,Torsk,,2006-06-04
1977003999.0,09.03.2016,7.0,7.49065,63.24359,Gråsteinbit,Steinbiter,3.3,2016-09-03
1976006738.0,30.04.2014,10.0,13.41423,67.82298,Torsk,Torsk,1017.5,2014-04-30
,13.10.2000,3.0,4.47778,61.2617,Sei,Sei,137.7,2000-10-13
2003021025.0,22.03.2007,2.0,4.51988,60.76585,Norsk vårgytende sild,"Sild, norsk vårgytende",6155.0,2007-03-22
1996012403.0,06.08.2008,16.0,9.5,58.75,Dypvannsreke,Dypvannsreke,270.0,2008-06-08
1994002569.0,18.07.2019,24.0,25.53489,70.46517,"Kongekrabbe, han-","Kongekrabbe, han",26.0,2019-07-18
1991008785.0,04.01.2008,16.0,5.37624,59.23466,Torsk,Torsk,21.2,2008-04-01
1984002515.0,23.01.2017,23.0,14.5,69.25,Sei,Sei,836.0,2017-01-23
1996000465.0,18.03.2009,29.0,20.85193,69.51502,Torsk,Torsk,,2009-03-18
1989000829.0,17.03.2004,3.0,31.5,70.25,Hyse,Hyse,5.6,2004-03-17
1981008705.0,09.08.2007,17.0,6.56095,58.25116,Torsk,Torsk,14.2,2007-09-08
1996011105.0,13.05.2004,24.0,23.5,71.25,Torsk,Torsk,76.5,2004-05-13
2000013486.0,20.03.2007,46.0,14.56579,68.15924,Torsk,Torsk,153.0,2007-03-20
2008043808.0,17.01.2019,25.0,26.79157,70.49274,"Kongekrabbe, han-","Kongekrabbe, han",45.0,2019-01-17
2001014581.0,21.02.2017,35.0,17.5,70.25,Torsk,Torsk,4500.0,2017-02-21
1979005195.0,02.02.2001,15.0,13.44548,68.29821,Uer (vanlig),Uer,64.0,2001-02-02
1987005815.0,10.04.2015,25.0,24.52052,71.23199,Torsk,Torsk,589.5,2015-10-04
1995001273.0,11.05.2018,16.0,9.5,58.75,Breiflabb,"Annen flatfisk, bunnfisk og dypvannsfisk",0.0,2018-11-05
1986001504.0,14.03.2019,3.0,11.5,67.25,Torsk,Torsk,0.0,2019-03-14
2000013428.0,23.10.2009,5.0,13.53719,67.22556,"Taskekrabbe, han-",Taskekrabbe,37.0,2009-10-23
1985012881.0,30.09.2011,25.0,7.5,57.75,Torsk,Torsk,9.4,2011-09-30
1971012844.0,11.03.2008,17.0,6.56095,58.25116,Hvitting,Annen torskefisk,2.4,2008-11-03
1997012364.0,28.10.2008,20.0,10.5,59.25,Breiflabb,"Annen flatfisk, bunnfisk og dypvannsfisk",4.2,2008-10-28
1979003133.0,04.01.2009,40.0,5.52325,60.70822,Pigghå,Haifisk,4.5,2009-04-01
2004030066.0,09.08.2008,25.0,9.61139,63.78643,Hvitting,Annen torskefisk,2.4,2008-09-08
1999003715.0,04.09.2014,7.0,7.49065,63.24359,Torsk,Torsk,36.0,2014-04-09
1999005431.0,14.03.2012,25.0,26.79157,70.49274,Torsk,Torsk,72.0,2012-03-14
1990000355.0,07.04.2010,25.0,16.61634,69.26902,Torsk,Torsk,187.5,2010-07-04
1991006058.0,17.03.2001,35.0,12.65937,65.69263,Hyse,Hyse,2.8,2001-03-17
1989011075.0,14.11.2014,6.0,29.42593,70.64198,Hyse,Hyse,25.1,2014-11-14
1973005367.0,25.02.2010,20.0,14.56401,68.75918,Torsk,Torsk,846.0,2010-02-25
1998013079.0,06.02.2013,12.0,8.49357,58.26584,Hyse,Hyse,0.0,2013-06-02
2003019925.0,22.03.2004,0.0,,,Torsk,Torsk,4756.5,2004-03-22
1997001240.0,10.05.2001,16.0,9.5,58.75,Breiflabb,"Annen flatfisk, bunnfisk og dypvannsfisk",11.2,2001-10-05
2004027345.0,11.04.2019,12.0,10.50548,64.74619,Torsk,Torsk,189.15,2019-11-04
1988004410.0,17.03.2011,3.0,20.4513,70.26784,Torsk,Torsk,12.0,2011-03-17
2001016401.0,28.02.2013,17.0,10.5,65.25,Sei,Sei,0.0,2013-02-28
1961013135.0,14.11.2003,20.0,10.5,59.25,Smørflyndre,"Annen flatfisk, bunnfisk og dypvannsfisk",2.8,2003-11-14
1990004695.0,05.10.2007,33.0,5.59752,62.21811,Sei,Sei,1138.1,2007-05-10
1997005911.0,14.02.2014,27.0,11.5,66.25,Uer (vanlig),Uer,1.0,2014-02-14
2004029768.0,22.06.2005,12.0,10.50548,64.74619,Torsk,Torsk,928.5,2005-06-22
1993005546.0,24.03.2003,42.0,16.01984,68.79785,Torsk,Torsk,556.5,2003-03-24
2006036245.0,27.11.2011,8.0,18.0,74.5,Torsk,Torsk,0.0,2011-11-27
2000013623.0,17.06.2006,35.0,17.5,70.25,Sei,Sei,,2006-06-17
2003025605.0,06.09.2016,35.0,12.65937,65.69263,Torsk,Torsk,16.5,2016-06-09
,31.03.2000,19.0,29.0,74.5,Flekksteinbit,Steinbiter,514.8,2000-03-31
1990004779.0,19.10.2006,28.0,8.9273,63.31354,"Taskekrabbe, han-",Taskekrabbe,20.0,2006-10-19
1995000523.0,11.11.2011,11.0,21.54827,70.73675,Torsk,Torsk,21.0,2011-11-11
1981011828.0,31.03.2011,30.0,17.491,69.74206,Torsk,Torsk,,2011-03-31
1998002208.0,05.11.2016,53.0,0.5,60.25,Hyse,Hyse,1231.2,2016-05-11
1992001814.0,17.02.2011,7.0,30.5,70.66667,Torsk,Torsk,,2011-02-17
1990001079.0,11.11.2014,20.0,10.5,59.25,Hyse,Hyse,0.0,2014-11-11
1989006540.0,06.01.2001,51.0,15.72181,67.53177,Breiflabb,"Annen flatfisk, bunnfisk og dypvannsfisk",11.8,2001-06-01
1993008161.0,14.07.2001,38.0,10.50072,64.25083,Piggvar,"Annen flatfisk, bunnfisk og dypvannsfisk",3.3,2001-07-14
1979012682.0,10.04.2014,17.0,6.56095,58.25116,Lyr,Annen torskefisk,6.9,2014-10-04
1999008501.0,03.08.2011,3.0,4.5,59.25,Torsk,Torsk,23.6,2011-03-08
1988008236.0,03.04.2008,33.0,12.68927,66.25914,Kveite,"Annen flatfisk, bunnfisk og dypvannsfisk",18.9,2008-03-04
2001015161.0,28.05.2015,16.0,9.5,58.75,Dypvannsreke,Dypvannsreke,1020.0,2015-05-28
1986010242.0,08.03.2016,24.0,15.47374,69.26583,Kveite,"Annen flatfisk, bunnfisk og dypvannsfisk",21.6,2016-08-03
1981002154.0,15.03.2005,10.0,13.41423,67.82298,Torsk,Torsk,285.0,2005-03-15
2001015483.0,15.08.2003,32.0,13.51657,66.70542,Breiflabb,"Annen flatfisk, bunnfisk og dypvannsfisk",72.8,2003-08-15
1996005787.0,23.02.2002,38.0,10.50072,64.25083,Breiflabb,"Annen flatfisk, bunnfisk og dypvannsfisk",28.0,2002-02-23
1996006100.0,28.09.2007,10.0,13.41423,67.82298,Breiflabb,"Annen flatfisk, bunnfisk og dypvannsfisk",872.4,2007-09-28
1991006491.0,14.03.2021,15.0,13.44548,68.29821,Torsk,Torsk,27.3,2021-03-14
1981005702.0,15.06.2001,12.0,10.50548,64.74619,Torsk,Torsk,51.0,2001-06-15
1999000395.0,17.03.2010,11.0,21.54827,70.73675,Torsk,Torsk,964.5,2010-03-17
,19.07.2000,1.0,5.5,58.25,Lange,Annen torskefisk,513.0,2000-07-19
1996009298.0,29.11.2002,3.0,4.47778,61.2617,Torsk,Torsk,27.0,2002-11-29
2004027366.0,19.04.2016,24.0,25.53489,70.46517,Torsk,Torsk,57.0,2016-04-19
1998009678.0,16.02.2012,3.0,31.5,70.25,Brosme,Annen torskefisk,34.0,2012-02-16
1997005541.0,04.03.2008,33.0,12.68927,66.25914,Lyr,Annen torskefisk,35.1,2008-04-03
1997008831.0,18.04.2001,16.0,5.37624,59.23466,Kveite,"Annen flatfisk, bunnfisk og dypvannsfisk",5.0,2001-04-18
2001014203.0,03.03.2017,46.0,14.56579,68.15924,Torsk,Torsk,1839.0,2017-03-03
1995002486.0,23.11.2004,13.0,23.48981,70.7379,Torsk,Torsk,432.0,2004-11-23
1986004843.0,23.03.2015,12.0,10.50548,64.74619,Torsk,Torsk,223.5,2015-03-23
2015071714.0,14.11.2019,3.0,20.4513,70.26784,Brosme,Annen torskefisk,70.0,2019-11-14
1983007444.0,03.03.2014,20.0,14.56401,68.75918,Torsk,Torsk,93.0,2014-03-03
1998012575.0,17.12.2007,25.0,9.61139,63.78643,Lange,Annen torskefisk,7.0,2007-12-17
1995000099.0,13.12.2004,29.0,20.85193,69.51502,Sei,Sei,105.3,2004-12-13
1975010906.0,10.01.2011,3.0,20.4513,70.26784,Torsk,Torsk,,2011-10-01
1998004230.0,29.08.2003,33.0,5.59752,62.21811,Breiflabb,"Annen flatfisk, bunnfisk og dypvannsfisk",172.8,2003-08-29
,14.11.2000,10.0,22.0,72.5,Hyse,Hyse,15078.0,2000-11-14
1971003988.0,02.04.2007,33.0,5.59752,62.21811,Sei,Sei,56.7,2007-02-04
,05.03.2003,42.0,16.01984,68.79785,Torsk,Torsk,42.0,2003-05-03
2009047308.0,18.06.2009,25.0,26.79157,70.49274,Hyse,Hyse,91.0,2009-06-18
1987005358.0,19.09.2016,31.0,12.50313,66.74865,"Taskekrabbe, hun-",Taskekrabbe,478.0,2016-09-19
1981013111.0,28.06.2017,20.0,10.5,59.25,Dypvannsreke,Dypvannsreke,30.0,2017-06-28
1987010654.0,26.01.2003,30.0,17.491,69.74206,Brosme,Annen torskefisk,14.0,2003-01-26
1991006092.0,27.03.2008,27.0,11.5,66.25,Lyr,Annen torskefisk,131.3,2008-03-27
1997006661.0,08.04.2016,44.0,15.61145,68.27428,Torsk,Torsk,135.0,2016-08-04
1999009349.0,09.12.2010,13.0,23.48981,70.7379,Sei,Sei,261.9,2010-09-12
2019110673.0,12.08.2021,1.0,4.50056,60.24815,Grønngylt,Leppefisk,97.97,2021-12-08
1995006069.0,16.12.2019,24.0,15.47374,69.26583,Lange,Annen torskefisk,15.0,2019-12-16
2005030609.0,10.03.2006,12.0,10.50548,64.74619,Torsk,Torsk,978.0,2006-10-03
,29.02.2016,40.0,5.52325,60.70822,Lysing,Annen torskefisk,6.6,2016-02-29
1971001268.0,26.09.2013,12.0,8.49357,58.26584,Dypvannsreke,Dypvannsreke,221.0,2013-09-26
2011052808.0,17.02.2014,7.0,30.5,70.66667,Kveite,"Annen flatfisk, bunnfisk og dypvannsfisk",85.1,2014-02-17
2002019441.0,17.03.2003,42.0,16.01984,68.79785,Torsk,Torsk,31.5,2003-03-17
2008041028.0,06.03.2008,2.0,19.5,70.25,Torsk,Torsk,,2008-06-03
2013060892.0,20.03.2013,3.0,20.4513,70.26784,Sei,Sei,529.2,2013-03-20
2005033466.0,15.04.2010,15.0,5.22302,59.73966,Hyse,Hyse,1.4,2010-04-15
1999011387.0,08.02.2014,4.0,12.33333,67.33333,Torsk,Torsk,,2014-08-02
1998002583.0,11.03.2009,5.0,22.46289,70.33884,Torsk,Torsk,27.0,2009-11-03
2012059873.0,22.05.2017,12.0,10.50548,64.74619,Brosme,Annen torskefisk,26.6,2017-05-22
2011054848.0,29.09.2014,7.0,30.5,70.66667,Torsk,Torsk,10.0,2014-09-29
1998008565.0,04.05.2002,16.0,5.37624,59.23466,Sei,Sei,36.0,2002-04-05
1990001522.0,07.11.2008,5.0,22.46289,70.33884,Kveite,"Annen flatfisk, bunnfisk og dypvannsfisk",11.0,2008-07-11
,25.02.2000,0.0,,,Gråsteinbit,Steinbiter,5.0,2000-02-25
1997012509.0,07.01.2016,20.0,10.5,59.25,Tunge,"Annen flatfisk, bunnfisk og dypvannsfisk",3.3,2016-07-01
1997010276.0,23.04.2001,29.0,20.85193,69.51502,Torsk,Torsk,130.5,2001-04-23
2008044888.0,14.11.2011,2.0,18.0,73.75,Blåkveite,Blåkveite,0.0,2011-11-14
1992006876.0,13.04.2002,10.0,13.41423,67.82298,Hyse,Hyse,28.0,2002-04-13
2015070973.0,12.07.2017,16.0,9.5,58.75,Dypvannsreke,Dypvannsreke,289.0,2017-12-07
1999001243.0,11.06.2012,28.0,19.89177,69.64928,Dypvannsreke,Dypvannsreke,169.0,2012-11-06
1995001355.0,10.03.2005,24.0,23.5,71.25,Uer (vanlig),Uer,20.0,2005-10-03
2001015287.0,05.04.2014,24.0,4.5,54.75,Sandflyndre,"Annen flatfisk, bunnfisk og dypvannsfisk",405.9,2014-05-04
2011055290.0,03.03.2017,6.0,7.83333,66.58333,Hyse,Hyse,639.0,2017-03-03
1994009909.0,10.11.2008,3.0,20.4513,70.26784,Sei,Sei,28.4,2008-10-11
1989012638.0,29.03.2004,25.0,7.5,57.75,Lyr,Annen torskefisk,4.6,2004-03-29
1983000309.0,11.04.2013,4.0,4.5,61.75,Lysing,Annen torskefisk,306.0,2013-11-04
1994001146.0,31.05.2008,12.0,8.49357,58.26584,Torsk,Torsk,12.0,2008-05-31
2012056928.0,19.04.2018,12.0,10.50548,64.74619,Breiflabb,"Annen flatfisk, bunnfisk og dypvannsfisk",11.2,2018-04-19
1998002537.0,01.07.2003,2.0,19.5,70.25,Gråsteinbit,Steinbiter,46.2,2003-01-07
1997009718.0,19.10.2005,7.0,7.49065,63.24359,Lange,Annen torskefisk,11.2,2005-10-19
1983004280.0,29.08.2003,7.0,7.49065,63.24359,Hyse,Hyse,37.8,2003-08-29
1997012720.0,03.12.2002,17.0,6.56095,58.25116,Breiflabb,"Annen flatfisk, bunnfisk og dypvannsfisk",1.4,2002-03-12
1967011492.0,20.02.2002,30.0,17.491,69.74206,Sei,Sei,162.0,2002-02-20
,19.11.2004,10.0,27.0,76.75,Torsk,Torsk,50850.0,2004-11-19
1999006288.0,30.03.2017,46.0,14.56579,68.15924,Torsk,Torsk,180.0,2017-03-30
1986001046.0,11.02.2003,16.0,9.5,58.75,Lange,Annen torskefisk,5.6,2003-11-02
1994012314.0,10.03.2010,2.0,29.74327,69.93406,Torsk,Torsk,118.5,2010-10-03
2003025155.0,10.08.2018,41.0,5.38093,60.22739,Bergnebb,Leppefisk,30.02,2018-10-08
1990010083.0,28.07.2004,7.0,7.49065,63.24359,Sei,Sei,24.3,2004-07-28
1984007615.0,27.03.2021,46.0,14.56579,68.15924,Torsk,Torsk,0.0,2021-03-27
1987004886.0,20.02.2007,48.0,13.71385,68.08439,Breiflabb,"Annen flatfisk, bunnfisk og dypvannsfisk",6.4,2007-02-20
1998002056.0,30.07.2004,6.0,29.42593,70.64198,Hyse,Hyse,1942.6,2004-07-30
1993000328.0,09.12.2010,25.0,24.52052,71.23199,Hyse,Hyse,961.0,2010-09-12
1991011912.0,14.01.2008,30.0,17.491,69.74206,Sei,Sei,25.7,2008-01-14
1993008090.0,15.04.2009,28.0,8.9273,63.31354,Sei,Sei,67.5,2009-04-15
1985008748.0,10.03.2006,2.0,5.43607,58.72558,Dypvannsreke,Dypvannsreke,32.0,2006-10-03
2018108053.0,17.01.2020,8.0,6.5,57.75,Breiflabb,"Annen flatfisk, bunnfisk og dypvannsfisk",1.9,2020-01-17
2008044410.0,27.06.2012,30.0,17.491,69.74206,Sei,Sei,97.2,2012-06-27
,30.01.2018,18.0,10.0,77.25,Hyse,Hyse,0.0,2018-01-30
1992010816.0,10.09.2016,48.0,13.71385,68.08439,Kongsnegl (Kongesnegl),"Andre skalldyr, bløtdyr og pigghuder",325.0,2016-10-09
1982012109.0,04.12.2006,30.0,17.491,69.74206,Brosme,Annen torskefisk,18.2,2006-04-12
1994004742.0,30.06.2011,6.0,5.5,62.75,Piggvar,"Annen flatfisk, bunnfisk og dypvannsfisk",4.4,2011-06-30
,20.12.2005,16.0,5.37624,59.23466,Hummer,"Andre skalldyr, bløtdyr og pigghuder",13.5,2005-12-20
1997002893.0,24.08.2010,30.0,17.491,69.74206,Sei,Sei,6.8,2010-08-24
1982006808.0,30.12.2005,24.0,15.47374,69.26583,Sei,Sei,32.4,2005-12-30
,01.07.2005,1.0,,,Dypvannsreke,Dypvannsreke,276.0,2005-01-07
2001014822.0,18.05.2012,12.0,8.49357,58.26584,Lomre,"Annen flatfisk, bunnfisk og dypvannsfisk",2.8,2012-05-18
2001015483.0,14.02.2017,31.0,12.50313,66.74865,Brosme,Annen torskefisk,2.8,2017-02-14
2020113053.0,25.04.2020,11.0,21.54827,70.73675,Gråsteinbit,Steinbiter,4.95,2020-04-25
2016072679.0,21.12.2020,12.0,8.49357,58.26584,Sei,Sei,0.0,2020-12-21
2008044728.0,18.07.2016,11.0,27.51996,71.21473,Hyse,Hyse,2387.2,2016-07-18
1998006635.0,09.06.2005,11.0,27.51996,71.21473,Kveite,"Annen flatfisk, bunnfisk og dypvannsfisk",16.9,2005-09-06
1999004386.0,20.05.2011,27.0,21.79904,69.83414,Dypvannsreke,Dypvannsreke,100.0,2011-05-20
2019109654.0,26.02.2021,5.0,28.06428,70.41512,"Kongekrabbe, hun-","Kongekrabbe, annen",48.0,2021-02-26
1983012252.0,08.03.2020,46.0,14.56579,68.15924,Torsk,Torsk,0.0,2020-08-03
1984002515.0,31.01.2013,23.0,14.5,69.25,Torsk,Torsk,2073.0,2013-01-31
,16.11.2010,12.0,10.50548,64.74619,Lyr,Annen torskefisk,24.7,2010-11-16
1986008139.0,30.03.2011,12.0,10.50548,64.74619,Uer (vanlig),Uer,36.0,2011-03-30
1999005720.0,31.03.2010,46.0,14.56579,68.15924,Sei,Sei,764.1,2010-03-31
1979000832.0,04.02.2013,24.0,15.47374,69.26583,Torsk,Torsk,,2013-04-02
1996000076.0,05.05.2015,17.0,6.56095,58.25116,Lysing,Annen torskefisk,7.2,2015-05-05
,14.04.2000,25.0,16.61634,69.26902,Sei,Sei,8.1,2000-04-14
1998004204.0,15.11.2007,33.0,5.59752,62.21811,Lyr,Annen torskefisk,8.1,2007-11-15
1999000794.0,14.02.2007,3.0,11.5,67.25,Torsk,Torsk,135.0,2007-02-14
2006036245.0,04.07.2011,29.0,16.5,69.75,Sei,Sei,0.0,2011-04-07
1997009090.0,28.12.2002,14.0,12.5,68.25,Torsk,Torsk,27.0,2002-12-28
2005032165.0,21.04.2009,20.0,10.5,59.25,Dypvannsreke,Dypvannsreke,47.0,2009-04-21
2012060372.0,27.02.2015,16.0,5.37624,59.23466,Lyr,Annen torskefisk,32.2,2015-02-27
1999004246.0,17.02.2021,19.0,12.0,77.25,Flekksteinbit,Steinbiter,4717.35,2021-02-17
1978001298.0,31.05.2021,12.0,8.49357,58.26584,Sei,Sei,1.2,2021-05-31
1994005250.0,03.05.2006,31.0,12.50313,66.74865,Sei,Sei,132.3,2006-03-05
1988007711.0,14.02.2006,32.0,13.51657,66.70542,Torsk,Torsk,187.5,2006-02-14
2007039688.0,10.12.2020,20.0,10.5,59.25,Annen marin fisk,"Annen flatfisk, bunnfisk og dypvannsfisk",1.0,2020-10-12
1999001435.0,08.02.2002,25.0,26.79157,70.49274,Torsk,Torsk,,2002-08-02
1994001179.0,04.07.2006,16.0,9.5,58.75,Torsk,Torsk,4.7,2006-04-07
2013061255.0,27.04.2013,0.0,,,Torsk,Torsk,638.0,2013-04-27
,15.02.2006,6.0,5.5,62.75,Torsk,Torsk,40.0,2006-02-15
1998006165.0,19.03.2016,48.0,13.71385,68.08439,Torsk,Torsk,757.0,2016-03-19
1990010590.0,24.02.2009,28.0,19.89177,69.64928,Hyse,Hyse,3.0,2009-02-24
1996008145.0,09.05.2008,18.0,11.56914,65.22203,Sei,Sei,217.4,2008-09-05
2017095674.0,11.08.2021,16.0,5.37624,59.23466,Grønngylt,Leppefisk,0.0,2021-11-08
,22.06.2000,10.0,13.41423,67.82298,Brosme,Annen torskefisk,2.8,2000-06-22
1999002675.0,02.06.2014,22.0,21.5,71.25,Torsk,Torsk,624.7,2014-02-06
2015071742.0,24.06.2018,4.0,12.33333,67.33333,Blåkveite,Blåkveite,8748.74,2018-06-24
2013062912.0,29.09.2021,0.0,,,Blåkveite,Blåkveite,241605.0,2021-09-29
1989012451.0,18.08.2009,20.0,10.5,59.25,Dypvannsreke,Dypvannsreke,130.0,2009-08-18
1997006292.0,17.09.2005,0.0,,,Sei,Sei,389.2,2005-09-17
1999005921.0,18.03.2015,33.0,5.59752,62.21811,Brosme,Annen torskefisk,15.4,2015-03-18
,11.03.2000,42.0,16.01984,68.79785,Sei,Sei,149.9,2000-11-03
1996001286.0,06.04.2015,12.0,8.49357,58.26584,Dypvannsreke,Dypvannsreke,37.5,2015-06-04
2004029046.0,25.03.2009,25.0,24.52052,71.23199,Torsk,Torsk,10440.0,2009-03-25
2017096293.0,13.12.2018,5.0,13.53719,67.22556,Kveite,"Annen flatfisk, bunnfisk og dypvannsfisk",67.5,2018-12-13
1994007316.0,20.12.2021,24.0,15.47374,69.26583,Torsk,Torsk,381.0,2021-12-20
1999004200.0,06.03.2008,12.0,10.50548,64.74619,Breiflabb,"Annen flatfisk, bunnfisk og dypvannsfisk",7.2,2008-06-03
1986011759.0,07.05.2021,5.0,13.53719,67.22556,Hyse,Hyse,81.0,2021-07-05
1992012373.0,29.08.2006,16.0,9.5,58.75,Smørflyndre,"Annen flatfisk, bunnfisk og dypvannsfisk",2.2,2006-08-29
1990010014.0,04.04.2016,25.0,24.52052,71.23199,Torsk,Torsk,400.0,2016-04-04
1989006929.0,26.02.2010,33.0,12.68927,66.25914,Lange,Annen torskefisk,2.8,2010-02-26
1979013181.0,21.02.2002,17.0,10.5,58.75,Torsk,Torsk,4.1,2002-02-21
2009049148.0,26.08.2014,2.0,29.74327,69.93406,Kveite,"Annen flatfisk, bunnfisk og dypvannsfisk",9.5,2014-08-26
1991010399.0,19.09.2011,28.0,15.5,69.75,Breiflabb,"Annen flatfisk, bunnfisk og dypvannsfisk",688.8,2011-09-19
2006033985.0,25.03.2014,4.0,12.33333,67.33333,Torsk,Torsk,600.0,2014-03-25
1995005707.0,14.04.2010,23.0,14.5,69.25,Torsk,Torsk,,2010-04-14
1999004885.0,04.04.2021,24.0,15.47374,69.26583,Torsk,Torsk,0.0,2021-04-04
1987008738.0,23.03.2009,4.0,12.33333,67.33333,Torsk,Torsk,4950.0,2009-03-23
2017096693.0,22.03.2019,12.0,8.49357,58.26584,Annen skate og rokke,Skater og annen bruskfisk,85.0,2019-03-22
2008044088.0,27.01.2014,2.0,19.5,70.25,Hyse,Hyse,8.4,2014-01-27
2003019945.0,22.05.2021,19.0,6.5,63.25,Blåkveite,Blåkveite,3840.0,2021-05-22
1997012509.0,15.05.2015,20.0,10.5,59.25,Sjøkreps,"Andre skalldyr, bløtdyr og pigghuder",34.0,2015-05-15
1987011783.0,23.04.2001,10.0,26.46578,71.23915,Torsk,Torsk,10971.0,2001-04-23
1996008719.0,23.04.2002,16.0,5.37624,59.23466,Lyr,Annen torskefisk,1.2,2002-04-23
2013060853.0,17.02.2014,35.0,17.5,70.25,Torsk,Torsk,51.0,2014-02-17
1990010571.0,14.05.2001,41.0,17.42042,68.91069,Hyse,Hyse,98.0,2001-05-14
1999001777.0,24.08.2010,4.0,4.5,61.75,Breiflabb,"Annen flatfisk, bunnfisk og dypvannsfisk",7.2,2010-08-24
1999003722.0,13.03.2018,18.0,17.5,71.25,Lange,Annen torskefisk,0.0,2018-03-13
1984007017.0,15.04.2020,5.0,13.53719,67.22556,Torsk,Torsk,0.0,2020-04-15
1996009853.0,14.03.2021,48.0,13.71385,68.08439,Torsk,Torsk,1350.0,2021-03-14
1984001418.0,20.03.2016,10.0,13.41423,67.82298,Torsk,Torsk,,2016-03-20
1992008235.0,13.02.2009,6.0,5.5,62.75,Lange,Annen torskefisk,36.4,2009-02-13
1996012403.0,18.12.2001,16.0,9.5,58.75,Smørflyndre,"Annen flatfisk, bunnfisk og dypvannsfisk",3.3,2001-12-18
1999004023.0,20.07.2004,31.0,6.5624,62.76533,Torsk,Torsk,10.5,2004-07-20
,16.10.2000,16.0,9.5,58.75,Smørflyndre,"Annen flatfisk, bunnfisk og dypvannsfisk",2.2,2000-10-16
1990010014.0,26.08.2009,8.0,8.4814,63.76938,"Taskekrabbe, han-",Taskekrabbe,30.0,2009-08-26
1987005370.0,14.02.2014,46.0,14.56579,68.15924,Torsk,Torsk,,2014-02-14
1998003628.0,16.09.2020,14.0,18.0,75.5,Flekksteinbit,Steinbiter,0.0,2020-09-16
2002019005.0,30.01.2010,32.0,13.51657,66.70542,Norsk vårgytende sild,"Sild, norsk vårgytende",24073.0,2010-01-30
1998005996.0,21.02.2015,20.0,14.56401,68.75918,Torsk,Torsk,,2015-02-21
1997012509.0,13.06.2012,20.0,10.5,59.25,Torsk,Torsk,0.6,2012-06-13
1978005124.0,17.10.2012,24.0,15.47374,69.26583,Hyse,Hyse,1306.4,2012-10-17
1971001268.0,30.01.2015,12.0,8.49357,58.26584,Torsk,Torsk,3.5,2015-01-30
1978010011.0,19.04.2004,8.0,8.4814,63.76938,Torsk,Torsk,21.0,2004-04-19
,18.02.2005,12.0,8.0,68.5,Sei,Sei,0.0,2005-02-18
1987002541.0,30.07.2003,26.0,25.37756,71.13554,Torsk,Torsk,19.5,2003-07-30
2007039313.0,06.12.2012,12.0,8.49357,58.26584,Rødspette,"Annen flatfisk, bunnfisk og dypvannsfisk",3.3,2012-06-12
2021116417.0,03.11.2021,26.0,25.37756,71.13554,Sei,Sei,29.7,2021-03-11
1993004144.0,21.01.2015,15.0,13.44548,68.29821,Sei,Sei,20.3,2015-01-21
,18.10.2000,20.0,10.5,59.25,Lange,Annen torskefisk,27.6,2000-10-18
1979003133.0,02.12.2005,40.0,5.52325,60.70822,Lange,Annen torskefisk,1.8,2005-02-12
1998008934.0,25.06.2015,11.0,27.51996,71.21473,Torsk,Torsk,10.5,2015-06-25
1989006125.0,04.05.2002,10.0,13.41423,67.82298,Torsk,Torsk,280.5,2002-04-05
1999005830.0,01.04.2005,31.0,12.50313,66.74865,Uer (vanlig),Uer,19.0,2005-01-04
1982007051.0,21.01.2012,14.0,12.5,68.25,Torsk,Torsk,,2012-01-21
1985009774.0,17.09.2012,2.0,29.74327,69.93406,Uer (vanlig),Uer,3.0,2012-09-17
1980003703.0,05.04.2006,32.0,13.51657,66.70542,Torsk,Torsk,223.5,2006-05-04
1997010255.0,29.02.2008,30.0,17.491,69.74206,Torsk,Torsk,,2008-02-29
1990010590.0,10.12.2007,28.0,19.89177,69.64928,Torsk,Torsk,21.0,2007-10-12
,01.03.2008,30.0,17.491,69.74206,Hyse,Hyse,69794.2,2008-01-03
1991001238.0,06.01.2007,12.0,8.49357,58.26584,Rødspette,"Annen flatfisk, bunnfisk og dypvannsfisk",5.5,2007-06-01
1994012812.0,05.03.2013,4.0,12.33333,67.33333,Torsk,Torsk,134.0,2013-05-03
,27.03.2000,4.0,4.5,61.75,Uspesifisert fisk,"Annen flatfisk, bunnfisk og dypvannsfisk",,2000-03-27
1988003881.0,18.03.2017,33.0,5.59752,62.21811,Lyr,Annen torskefisk,16.1,2017-03-18
1985012376.0,06.02.2019,20.0,10.5,59.25,Rødspette,"Annen flatfisk, bunnfisk og dypvannsfisk",0.55,2019-06-02
2020114417.0,04.07.2021,6.0,29.42593,70.64198,Sei,Sei,0.0,2021-04-07
1989010077.0,24.11.2014,30.0,17.491,69.74206,Torsk,Torsk,45.0,2014-11-24
,11.03.2000,3.0,11.5,67.25,Hyse,Hyse,103.6,2000-11-03
1967000533.0,30.09.2005,0.0,,,Hyse,Hyse,18.2,2005-09-30
1969012795.0,11.05.2004,24.0,7.50266,58.10863,Torsk,Torsk,37.8,2004-11-05
,28.01.2021,33.0,5.59752,62.21811,Torsk,Torsk,60.18,2021-01-28
2010052769.0,19.07.2018,25.0,9.61139,63.78643,"Taskekrabbe, han-",Taskekrabbe,213.0,2018-07-19
1992001552.0,20.06.2018,2.0,29.74327,69.93406,"Kongekrabbe, han-","Kongekrabbe, han",129.5,2018-06-20
2009046008.0,18.02.2014,39.0,19.33211,69.54236,Sei,Sei,1.4,2014-02-18
1991007095.0,10.08.2003,53.0,14.43561,67.19701,Hyse,Hyse,8.4,2003-10-08
1994001179.0,13.07.2017,16.0,9.5,58.75,Sei,Sei,0.0,2017-07-13
1999004200.0,07.08.2008,18.0,11.56914,65.22203,Lyr,Annen torskefisk,33.8,2008-07-08
1987012236.0,19.08.2009,28.0,19.89177,69.64928,Torsk,Torsk,25.5,2009-08-19
1979007114.0,06.09.2012,50.0,13.66667,67.61111,Torsk,Torsk,18.0,2012-06-09
1997001205.0,16.06.2016,12.0,8.49357,58.26584,Torsk,Torsk,8.3,2016-06-16
2002016981.0,10.05.2006,11.0,21.54827,70.73675,Torsk,Torsk,124.5,2006-10-05
1994012460.0,18.03.2013,20.0,10.5,59.25,Sjøkreps,"Andre skalldyr, bløtdyr og pigghuder",1.0,2013-03-18
1969012031.0,15.04.2011,30.0,17.491,69.74206,Sei,Sei,2.7,2011-04-15
2001026425.0,29.01.2007,20.0,6.0157,59.75166,Lyr,Annen torskefisk,23.0,2007-01-29
2017076693.0,27.02.2019,20.0,10.5,59.25,Dypvannsreke,Dypvannsreke,122.0,2019-02-27
2013060812.0,17.06.2015,27.0,11.5,66.25,Sei,Sei,8.1,2015-06-17
1987008623.0,19.03.2002,1.0,5.5,58.25,Dypvannsreke,Dypvannsreke,28.0,2002-03-19
1981011378.0,24.03.2001,11.0,21.54827,70.73675,Torsk,Torsk,31.5,2001-03-24
1994008827.0,13.05.2004,19.0,6.23771,59.3805,Torsk,Torsk,10.6,2004-05-13
2004030025.0,16.03.2013,46.0,14.56579,68.15924,Torsk,Torsk,295.5,2013-03-16
2010052508.0,14.02.2020,33.0,5.59752,62.21811,Piggvar,"Annen flatfisk, bunnfisk og dypvannsfisk",4.4,2020-02-14
1995000326.0,17.01.2012,28.0,8.9273,63.31354,Uer (vanlig),Uer,36.3,2012-01-17
,03.10.2000,0.0,,,Sei,Sei,91.8,2000-03-10
1999009328.0,10.03.2009,30.0,17.491,69.74206,Torsk,Torsk,,2009-10-03
2014064292.0,04.03.2020,11.0,21.54827,70.73675,Torsk,Torsk,0.0,2020-04-03
2005032807.0,26.09.2011,25.0,16.61634,69.26902,Brosme,Annen torskefisk,72.8,2011-09-26
1998004882.0,19.08.2017,24.0,15.47374,69.26583,Uer (vanlig),Uer,940.0,2017-08-19
1989012369.0,13.11.2014,16.0,9.5,58.75,Pigghå,Haifisk,0.0,2014-11-13
1998006066.0,28.02.2009,46.0,14.56579,68.15924,Sei,Sei,25.7,2009-02-28
,11.04.2000,30.0,17.491,69.74206,Torsk,Torsk,172.5,2000-11-04
1999013355.0,04.01.2001,18.0,5.5,63.25,Lange,Annen torskefisk,127.4,2001-04-01
1983010032.0,09.05.2011,8.0,8.4814,63.76938,Torsk,Torsk,64.5,2011-09-05
,24.03.2007,12.0,8.49357,58.26584,Rødspette,"Annen flatfisk, bunnfisk og dypvannsfisk",7.2,2007-03-24
1982006835.0,27.05.2014,27.0,11.5,66.25,Torsk,Torsk,63.7,2014-05-27
1996005643.0,14.03.2013,4.0,12.33333,67.33333,Lange,Annen torskefisk,11.2,2013-03-14
1993010013.0,03.01.2002,35.0,6.777,62.25527,Breiflabb,"Annen flatfisk, bunnfisk og dypvannsfisk",39.2,2002-03-01
2003026373.0,06.05.2006,16.0,9.5,58.75,Rødspette,"Annen flatfisk, bunnfisk og dypvannsfisk",4.4,2006-06-05
1995012356.0,11.03.2015,16.0,9.5,58.75,Dypvannsreke,Dypvannsreke,476.0,2015-11-03
1981010887.0,18.03.2003,48.0,13.71385,68.08439,Torsk,Torsk,111.0,2003-03-18
2001015521.0,16.11.2021,9.0,20.0,74.5,Blåkveite,Blåkveite,0.0,2021-11-16
1988006914.0,22.06.2005,14.0,12.5,68.25,Sei,Sei,18.9,2005-06-22
2019109957.0,20.07.2020,20.0,10.5,59.25,Makrell,Makrell,30.0,2020-07-20
2000013225.0,25.08.2010,10.0,26.46578,71.23915,Hyse,Hyse,34.2,2010-08-25
1988005440.0,12.07.2011,27.0,11.5,66.25,Lyr,Annen torskefisk,2.6,2011-12-07
2009046368.0,06.04.2018,53.0,14.43561,67.19701,Lyr,Annen torskefisk,26.0,2018-06-04
,21.08.2000,0.0,,,Hvitting,Annen torskefisk,4.8,2000-08-21
1988011398.0,28.05.2013,14.0,24.42041,70.65311,Torsk,Torsk,103.8,2013-05-28
1987010654.0,04.05.2006,30.0,17.491,69.74206,Brosme,Annen torskefisk,23.8,2006-04-05
2002017462.0,11.07.2020,2.0,5.43607,58.72558,Taskekrabbe,Taskekrabbe,240.1,2020-11-07
1996003824.0,26.02.2015,16.0,9.5,58.75,Sjøkreps,"Andre skalldyr, bløtdyr og pigghuder",0.0,2015-02-26
1995000447.0,23.02.2004,31.0,18.45225,69.80871,Hyse,Hyse,28.0,2004-02-23
1998012724.0,06.09.2011,12.0,8.49357,58.26584,Torsk,Torsk,4.7,2011-06-09
1988001077.0,11.02.2002,25.0,16.61634,69.26902,Torsk,Torsk,625.5,2002-11-02
2001015161.0,22.11.2006,16.0,9.5,58.75,Smørflyndre,"Annen flatfisk, bunnfisk og dypvannsfisk",0.6,2006-11-22
1995003033.0,13.01.2003,1.0,4.50056,60.24815,Sjøkreps,"Andre skalldyr, bløtdyr og pigghuder",44.0,2003-01-13
1996003158.0,06.07.2008,14.0,3.5,59.75,Sei,Sei,10000.0,2008-06-07
,27.06.2021,8.0,18.0,74.5,Torsk,Torsk,10665.0,2021-06-27
2010051030.0,13.04.2017,10.0,13.41423,67.82298,Lange,Annen torskefisk,14.0,2017-04-13
2008045588.0,14.09.2020,24.0,25.53489,70.46517,"Kongekrabbe, han-","Kongekrabbe, han",26.0,2020-09-14
1999012487.0,28.11.2006,20.0,10.5,59.25,Pigghå,Haifisk,7.5,2006-11-28
2003025325.0,15.05.2007,3.0,4.5,59.25,Breiflabb,"Annen flatfisk, bunnfisk og dypvannsfisk",5.6,2007-05-15
1997000263.0,26.03.2015,24.0,23.5,71.25,Torsk,Torsk,2671.0,2015-03-26
1980008546.0,28.04.2005,19.0,6.23771,59.3805,Slettvar,"Annen flatfisk, bunnfisk og dypvannsfisk",1.9,2005-04-28
2009049368.0,11.09.2011,4.0,4.5,61.75,Lange,Annen torskefisk,137.2,2011-11-09
,22.08.2000,30.0,17.491,69.74206,Torsk,Torsk,7.5,2000-08-22
1997009199.0,15.05.2006,4.0,,,Uer (vanlig),Uer,25.0,2006-05-15
2001014822.0,27.10.2015,12.0,8.49357,58.26584,Lyr,Annen torskefisk,0.0,2015-10-27
,19.01.2009,30.0,17.491,69.74206,Torsk,Torsk,,2009-01-19
1989010077.0,13.09.2018,30.0,17.491,69.74206,Kveite,"Annen flatfisk, bunnfisk og dypvannsfisk",67.5,2018-09-13
1998008612.0,24.05.2017,12.0,8.49357,58.26584,Lange,Annen torskefisk,7.2,2017-05-24
1999012721.0,08.03.2013,33.0,5.59752,62.21811,Sei,Sei,415.0,2013-08-03
1982009638.0,28.04.2001,3.0,4.47778,61.2617,Sei,Sei,40.5,2001-04-28
1966007639.0,29.03.2011,23.0,14.5,69.25,Torsk,Torsk,,2011-03-29
2001014306.0,11.02.2004,0.0,,,Torsk,Torsk,,2004-11-02
1990000355.0,09.03.2020,24.0,23.5,71.25,Torsk,Torsk,0.0,2020-09-03
1994011734.0,02.09.2011,30.0,17.491,69.74206,Hyse,Hyse,2.8,2011-02-09
1981011828.0,10.01.2004,30.0,17.491,69.74206,Torsk,Torsk,304.5,2004-10-01
,08.06.2015,2.0,29.74327,69.93406,Torsk,Torsk,108.0,2015-08-06
1993013103.0,27.11.2002,16.0,9.5,58.75,Hyse,Hyse,10.8,2002-11-27
1977011551.0,09.12.2008,39.0,19.33211,69.54236,Torsk,Torsk,12.0,2008-09-12
1992008642.0,02.05.2003,16.0,5.37624,59.23466,Dypvannsreke,Dypvannsreke,256.0,2003-02-05
2001016101.0,27.03.2015,10.0,13.41423,67.82298,Torsk,Torsk,97.5,2015-03-27
1984007946.0,09.12.2019,39.0,19.33211,69.54236,Brosme,Annen torskefisk,2.8,2019-09-12
1996012766.0,12.02.2013,25.0,7.5,57.75,Torsk,Torsk,8.3,2013-12-02
2001015024.0,23.06.2004,25.0,16.61634,69.26902,Gråsteinbit,Steinbiter,8.3,2004-06-23
1996012649.0,26.02.2016,12.0,8.49357,58.26584,Hyse,Hyse,0.0,2016-02-26
1981002179.0,26.04.2003,7.0,30.5,70.66667,Hyse,Hyse,1.1,2003-04-26
1993000816.0,29.10.2012,46.0,14.56579,68.15924,Annen skate og rokke,Skater og annen bruskfisk,70.0,2012-10-29
,18.04.2016,0.0,,,Snøkrabbe,Snøkrabbe,4002.3,2016-04-18
,08.05.2000,1.0,5.5,58.25,Dypvannsreke,Dypvannsreke,72.0,2000-08-05
1998013079.0,22.04.2008,17.0,10.5,58.75,Torsk,Torsk,1.2,2008-04-22
1995001807.0,21.03.2017,5.0,28.06428,70.41512,Torsk,Torsk,1261.0,2017-03-21
1989006475.0,03.04.2015,4.0,12.33333,67.33333,Torsk,Torsk,3124.0,2015-03-04
1995000005.0,05.08.2013,20.0,10.5,59.25,Dypvannsreke,Dypvannsreke,45.0,2013-05-08
1991005667.0,24.03.2010,24.0,15.47374,69.26583,Torsk,Torsk,379.5,2010-03-24
2012060292.0,24.03.2021,27.0,21.79904,69.83414,Dypvannsreke,Dypvannsreke,90.0,2021-03-24
1989008296.0,22.02.2016,30.0,17.491,69.74206,Torsk,Torsk,,2016-02-22
1975005129.0,16.04.2012,20.0,14.56401,68.75918,Torsk,Torsk,2242.5,2012-04-16
2019110893.0,10.09.2019,15.0,5.22302,59.73966,Grønngylt,Leppefisk,8.24,2019-10-09
2011053849.0,23.04.2015,24.0,25.53489,70.46517,Torsk,Torsk,135.0,2015-04-23
1997012509.0,11.02.2008,20.0,10.5,59.25,Dypvannsreke,Dypvannsreke,31.0,2008-11-02
1987007919.0,03.08.2015,33.0,12.68927,66.25914,"Taskekrabbe, hun-",Taskekrabbe,41.0,2015-03-08
1992003859.0,12.03.2021,33.0,12.68927,66.25914,Gråsteinbit,Steinbiter,5.78,2021-12-03
1997012516.0,28.02.2005,35.0,17.5,70.25,Torsk,Torsk,781.5,2005-02-28
1997009995.0,10.08.2008,8.0,8.4814,63.76938,"Taskekrabbe, han-",Taskekrabbe,473.0,2008-10-08
1990005578.0,30.07.2005,23.0,14.5,69.25,Brosme,Annen torskefisk,35.0,2005-07-30
1995011230.0,15.03.2007,27.0,21.79904,69.83414,Kveite,"Annen flatfisk, bunnfisk og dypvannsfisk",8.8,2007-03-15
1968007737.0,25.01.2002,20.0,14.56401,68.75918,Hyse,Hyse,140.0,2002-01-25
2003019683.0,23.08.2017,38.0,10.50072,64.25083,Sei,Sei,82.6,2017-08-23
2001014961.0,25.03.2010,33.0,5.59752,62.21811,Lange,Annen torskefisk,371.0,2010-03-25
1979009388.0,27.11.2018,28.0,8.9273,63.31354,"Taskekrabbe, hun-",Taskekrabbe,191.0,2018-11-27
,15.08.2006,12.0,10.50548,64.74619,Sei,Sei,24.3,2006-08-15
1983012551.0,17.03.2008,20.0,10.5,59.25,Hyse,Hyse,28.5,2008-03-17
2008041648.0,24.08.2011,11.0,21.54827,70.73675,Torsk,Torsk,4.5,2011-08-24
1994001179.0,27.03.2017,16.0,9.5,58.75,Smørflyndre,"Annen flatfisk, bunnfisk og dypvannsfisk",1.1,2017-03-27
,07.10.2000,17.0,6.56095,58.25116,Lomre,"Annen flatfisk, bunnfisk og dypvannsfisk",18.2,2000-07-10
1997000266.0,07.12.2001,18.0,6.2079,58.92551,Breiflabb,"Annen flatfisk, bunnfisk og dypvannsfisk",6.6,2001-07-12
1999003872.0,06.02.2021,11.0,21.54827,70.73675,Torsk,Torsk,0.0,2021-06-02
,10.01.2002,16.0,5.37624,59.23466,Torsk,Torsk,34.2,2002-10-01
,28.09.2000,25.0,16.61634,69.26902,Breiflabb,"Annen flatfisk, bunnfisk og dypvannsfisk",39.2,2000-09-28
2005031567.0,21.04.2015,20.0,10.5,59.25,Berggylt,Leppefisk,0.6,2015-04-21
1991008785.0,23.05.2007,16.0,5.37624,59.23466,Torsk,Torsk,0.8,2007-05-23
1990011874.0,01.03.2016,46.0,14.56579,68.15924,Torsk,Torsk,378.0,2016-01-03
1984001358.0,12.03.2007,4.0,21.52462,70.33232,Torsk,Torsk,36.0,2007-12-03
1998013077.0,24.08.2009,20.0,10.5,59.25,Hvitting,Annen torskefisk,1.2,2009-08-24
1989007179.0,08.02.2002,33.0,12.68927,66.25914,Lyr,Annen torskefisk,40.3,2002-08-02
1999005762.0,01.07.2005,25.0,16.61634,69.26902,Sei,Sei,8.1,2005-01-07
1976007837.0,10.01.2008,15.0,13.44548,68.29821,Hyse,Hyse,46.7,2008-10-01
,26.04.2006,30.0,17.491,69.74206,Torsk,Torsk,36.0,2006-04-26
1976010079.0,23.06.2010,6.0,9.55392,64.22308,Sei,Sei,43.2,2010-06-23
2001014861.0,07.07.2009,7.0,7.49065,63.24359,Breiflabb,"Annen flatfisk, bunnfisk og dypvannsfisk",445.2,2009-07-07
1987007581.0,25.04.2005,6.0,29.42593,70.64198,Hyse,Hyse,4202.0,2005-04-25
1996004708.0,21.11.2006,19.0,6.5,63.25,Hyse,Hyse,516.4,2006-11-21
2001014841.0,29.09.2017,11.0,21.54827,70.73675,Sei,Sei,228.0,2017-09-29
1996012649.0,09.10.2007,12.0,8.49357,58.26584,Breiflabb,"Annen flatfisk, bunnfisk og dypvannsfisk",1.4,2007-09-10
1999001895.0,25.02.2016,25.0,26.79157,70.49274,Torsk,Torsk,2551.5,2016-02-25
,17.12.2009,1.0,5.5,58.25,Torsk,Torsk,7.1,2009-12-17
1980009237.0,29.08.2014,33.0,5.59752,62.21811,Rødspette,"Annen flatfisk, bunnfisk og dypvannsfisk",6.6,2014-08-29
1997001590.0,03.02.2005,0.0,,,Torsk,Torsk,196.5,2005-03-02
2000013578.0,20.04.2013,25.0,7.5,57.75,Lange,Annen torskefisk,0.0,2013-04-20
1998001475.0,07.06.2002,11.0,21.54827,70.73675,Torsk,Torsk,9.0,2002-07-06
1987000383.0,14.09.2015,12.0,10.50548,64.74619,Lange,Annen torskefisk,60.2,2015-09-14
1989005609.0,25.06.2007,24.0,15.47374,69.26583,Lange,Annen torskefisk,25.2,2007-06-25
2002016644.0,15.05.2006,26.0,25.37756,71.13554,Torsk,Torsk,412.5,2006-05-15
2000013628.0,31.03.2020,28.0,15.5,69.75,Torsk,Torsk,0.0,2020-03-31
1992001372.0,08.11.2019,40.0,18.65184,69.26688,Torsk,Torsk,12.0,2019-08-11
1991006569.0,24.05.2006,20.0,14.56401,68.75918,Torsk,Torsk,21.0,2006-05-24
2000013865.0,30.01.2003,25.0,7.5,57.75,Sei,Sei,24.0,2003-01-30
1980002687.0,29.01.2007,10.0,26.46578,71.23915,Torsk,Torsk,,2007-01-29
,26.02.2000,15.0,13.44548,68.29821,Torsk,Torsk,10650.0,2000-02-26
1985003540.0,03.12.2015,26.0,25.37756,71.13554,"Kongekrabbe, han-","Kongekrabbe, han",2.0,2015-03-12
1989006479.0,19.01.2002,11.0,14.53782,67.75442,Hyse,Hyse,2.8,2002-01-19
2008040708.0,24.03.2016,10.0,13.41423,67.82298,Torsk,Torsk,,2016-03-24
1977011655.0,05.02.2011,23.0,14.5,69.25,Torsk,Torsk,150.0,2011-05-02
,31.12.2004,10.0,38.5,69.25,Kongekrabbe,"Kongekrabbe, annen",0.0,2004-12-31
1990010989.0,13.05.2009,30.0,17.491,69.74206,Torsk,Torsk,16.5,2009-05-13
1990006427.0,30.09.2020,46.0,14.56579,68.15924,Hvitting,Annen torskefisk,108.0,2020-09-30
2002016624.0,07.11.2007,16.0,14.57428,68.40364,Hyse,Hyse,118.6,2007-07-11
,24.07.2000,6.0,5.5,62.75,Lyr,Annen torskefisk,19.6,2000-07-24
1997012364.0,05.08.2014,17.0,10.5,58.75,Dypvannsreke,Dypvannsreke,0.0,2014-05-08
2013060632.0,14.05.2013,19.0,6.5,63.25,Annen skate og rokke,Skater og annen bruskfisk,5.0,2013-05-14
1996010134.0,19.04.2010,3.0,20.4513,70.26784,Hyse,Hyse,2.8,2010-04-19
,07.06.2005,20.0,10.5,59.25,Ål,"Annen flatfisk, bunnfisk og dypvannsfisk",19.0,2005-07-06
2018104173.0,03.04.2019,18.0,11.56914,65.22203,Uer (vanlig),Uer,1.0,2019-03-04
1995006728.0,17.11.2011,35.0,12.65937,65.69263,"Taskekrabbe, hun-",Taskekrabbe,263.0,2011-11-17
1987011128.0,15.06.2002,35.0,17.5,70.25,Torsk,Torsk,57.0,2002-06-15
1988006009.0,20.09.2001,49.0,12.74275,67.64251,Sei,Sei,1508.0,2001-09-20
1997003841.0,30.05.2008,33.0,5.59752,62.21811,Hummer,"Andre skalldyr, bløtdyr og pigghuder",26.5,2008-05-30
1989005579.0,05.10.2001,24.0,15.47374,69.26583,Torsk,Torsk,39.0,2001-05-10
1986010772.0,04.03.2012,31.0,18.45225,69.80871,Torsk,Torsk,,2012-04-03
1987009204.0,13.03.2002,33.0,5.59752,62.21811,Lyr,Annen torskefisk,156.0,2002-03-13
1963005636.0,19.03.2004,10.0,13.41423,67.82298,Sei,Sei,16.2,2004-03-19
1987006261.0,04.11.2003,15.0,13.44548,68.29821,Lange,Annen torskefisk,21.0,2003-04-11
1986009688.0,14.08.2007,26.0,10.33143,63.3436,Lysing,Annen torskefisk,114.0,2007-08-14
1987012830.0,12.02.2011,4.0,12.33333,67.33333,Sei,Sei,48.6,2011-12-02
,09.11.2000,30.0,17.491,69.74206,Sei,Sei,10.8,2000-09-11
1995009266.0,25.11.2014,2.0,19.5,70.25,Torsk,Torsk,796.5,2014-11-25
1988004073.0,28.06.2017,18.0,5.5,63.25,Kveite,"Annen flatfisk, bunnfisk og dypvannsfisk",8.8,2017-06-28
1989012369.0,04.08.2008,16.0,9.5,58.75,Dypvannsreke,Dypvannsreke,13.0,2008-04-08
1998012724.0,12.10.2017,12.0,8.49357,58.26584,Lyr,Annen torskefisk,0.0,2017-12-10
1975012256.0,09.11.2006,35.0,17.5,70.25,Sei,Sei,41.9,2006-09-11
1995004554.0,02.04.2015,3.0,11.5,67.25,Torsk,Torsk,1572.0,2015-02-04
,10.08.2006,3.0,45.0,72.5,Torsk,Torsk,0.0,2006-10-08
1993000759.0,03.06.2013,35.0,17.5,70.25,Lange,Annen torskefisk,2492.0,2013-03-06
1982011895.0,18.05.2001,26.0,25.37756,71.13554,Sei,Sei,20.3,2001-05-18
1997001626.0,02.05.2011,2.0,19.5,70.25,Brosme,Annen torskefisk,63.0,2011-02-05
1977010702.0,05.04.2005,30.0,17.491,69.74206,Torsk,Torsk,198.0,2005-05-04
1991007560.0,31.01.2007,46.0,14.56579,68.15924,Torsk,Torsk,460.5,2007-01-31
1987012805.0,12.02.2015,8.0,6.5,57.75,Torsk,Torsk,0.0,2015-12-02
1985011235.0,19.03.2010,30.0,17.491,69.74206,Sei,Sei,2.7,2010-03-19
2008043991.0,03.11.2011,20.0,10.5,59.25,Hvitting,Annen torskefisk,84.0,2011-03-11
2017095013.0,08.02.2021,17.0,10.5,58.75,Dypvannsreke,Dypvannsreke,20.0,2021-08-02
1999009104.0,27.02.2017,20.0,14.56401,68.75918,Torsk,Torsk,,2017-02-27
1986003853.0,21.11.2017,22.0,21.5,71.25,Torsk,Torsk,0.0,2017-11-21
1977009905.0,17.10.2009,8.0,8.4814,63.76938,"Taskekrabbe, hun-",Taskekrabbe,209.0,2009-10-17
1991009695.0,20.04.2021,18.0,11.56914,65.22203,Sei,Sei,101.25,2021-04-20
1988006611.0,01.03.2006,11.0,21.54827,70.73675,Torsk,Torsk,,2006-01-03
1999006048.0,26.01.2004,45.0,15.57921,67.93413,Brosme,Annen torskefisk,23.8,2004-01-26
1994001146.0,07.07.2004,12.0,8.49357,58.26584,Laks,Annen pelagisk fisk,13.5,2004-07-07
2000013505.0,06.03.2010,3.0,11.5,67.25,Torsk,Torsk,30.0,2010-06-03
1993000606.0,08.10.2013,27.0,11.5,66.25,Kveite,"Annen flatfisk, bunnfisk og dypvannsfisk",40.5,2013-08-10
1994010738.0,01.04.2011,2.0,19.5,70.25,Sei,Sei,5.4,2011-01-04
2004029193.0,27.02.2008,16.0,9.5,58.75,Sei,Sei,4.8,2008-02-27
1995004384.0,12.11.2008,9.0,20.0,74.5,Steinbiter,Steinbiter,0.0,2008-12-11
2007039288.0,10.05.2018,13.0,3.5,59.25,Annen skate og rokke,Skater og annen bruskfisk,507.5,2018-10-05
1960012440.0,01.02.2001,16.0,9.5,58.75,Torsk,Torsk,10.6,2001-01-02
1997015904.0,08.08.2019,2.0,5.43607,58.72558,Breiflabb,"Annen flatfisk, bunnfisk og dypvannsfisk",19.6,2019-08-08
1999000863.0,07.12.2018,42.0,-0.5,59.75,Hyse,Hyse,140.22,2018-07-12
1987005777.0,16.03.2011,18.0,11.56914,65.22203,Torsk,Torsk,166.5,2011-03-16
2014064032.0,23.01.2019,11.0,21.54827,70.73675,Uer (vanlig),Uer,81.0,2019-01-23
2006035825.0,09.10.2006,30.0,17.491,69.74206,Hyse,Hyse,761.5,2006-09-10
,17.11.2010,42.0,16.01984,68.79785,Torsk,Torsk,3.0,2010-11-17
2014064112.0,14.01.2016,24.0,15.47374,69.26583,Torsk,Torsk,363.0,2016-01-14
1986002025.0,18.09.2009,24.0,25.53489,70.46517,"Kongekrabbe, hun-","Kongekrabbe, annen",940.0,2009-09-18
1992004299.0,10.04.2018,17.0,6.56095,58.25116,Lange,Annen torskefisk,1.2,2018-10-04
1993000816.0,13.04.2010,31.0,12.50313,66.74865,Sei,Sei,1201.5,2010-04-13
2014065952.0,17.05.2021,13.0,3.5,59.25,Skjellbrosme,Annen torskefisk,232.8,2021-05-17
1989009305.0,17.07.2001,4.0,4.5,61.75,Lysing,Annen torskefisk,2.4,2001-07-17
2007039729.0,06.12.2013,31.0,12.50313,66.74865,Hyse,Hyse,39.2,2013-06-12
2001015287.0,20.11.2007,22.0,2.5,54.75,Slettvar,"Annen flatfisk, bunnfisk og dypvannsfisk",30.8,2007-11-20
,11.01.2002,12.0,8.49357,58.26584,Gråsteinbit,Steinbiter,2.2,2002-11-01
,12.03.2000,46.0,14.56579,68.15924,Annen flyndre,"Annen flatfisk, bunnfisk og dypvannsfisk",4.4,2000-12-03
1989005420.0,26.03.2010,10.0,13.41423,67.82298,Torsk,Torsk,142.5,2010-03-26
1965012944.0,14.08.2002,1.0,5.5,58.25,Makrell,Makrell,100.0,2002-08-14
,01.03.2000,16.0,5.37624,59.23466,Dypvannsreke,Dypvannsreke,136.0,2000-01-03
,27.03.2000,24.0,15.47374,69.26583,Sei,Sei,48.6,2000-03-27
,04.04.2016,1.0,18.5,70.25,Torsk,Torsk,153.0,2016-04-04
2001015387.0,13.02.2007,28.0,19.89177,69.64928,Sei,Sei,5.4,2007-02-13
1986001380.0,16.10.2008,13.0,23.48981,70.7379,Torsk,Torsk,18.0,2008-10-16
1996001987.0,30.11.2005,2.0,29.74327,69.93406,Hyse,Hyse,171.0,2005-11-30
1981005649.0,06.10.2004,54.0,15.59004,67.05744,Sei,Sei,31.1,2004-06-10
1959012569.0,24.04.2002,20.0,10.5,59.25,Hvitting,Annen torskefisk,4.2,2002-04-24
1999012909.0,15.12.2010,16.0,9.5,58.75,Hyse,Hyse,1.1,2010-12-15
,08.07.2000,0.0,,,Sei,Sei,21.6,2000-08-07
,24.10.2006,16.0,5.37624,59.23466,Ål,"Annen flatfisk, bunnfisk og dypvannsfisk",8.0,2006-10-24
1984009965.0,24.08.2001,35.0,6.777,62.25527,"Taskekrabbe, hun-",Taskekrabbe,86.0,2001-08-24
2007039688.0,01.12.2020,20.0,10.5,59.25,Dypvannsreke,Dypvannsreke,0.5,2020-01-12
1978010742.0,03.02.2015,1.0,18.5,70.25,Torsk,Torsk,,2015-03-02
1990007750.0,17.12.2013,13.0,29.5,71.25,Torsk,Torsk,2362.5,2013-12-17
1986008002.0,08.03.2004,25.0,9.61139,63.78643,Hyse,Hyse,16.0,2004-08-03
1992005024.0,11.02.2004,10.0,13.41423,67.82298,Sei,Sei,239.0,2004-11-02
1996005097.0,15.08.2008,25.0,26.79157,70.49274,Kveite,"Annen flatfisk, bunnfisk og dypvannsfisk",91.3,2008-08-15
1998002662.0,19.04.2006,5.0,22.46289,70.33884,Brosme,Annen torskefisk,2.8,2006-04-19
1995010818.0,05.08.2021,24.0,15.47374,69.26583,Lange,Annen torskefisk,148.4,2021-05-08
1999003020.0,04.02.2002,1.0,4.50056,60.24815,Kveite,"Annen flatfisk, bunnfisk og dypvannsfisk",8.8,2002-04-02
1987004899.0,11.10.2007,35.0,12.65937,65.69263,"Taskekrabbe, han-",Taskekrabbe,110.0,2007-11-10
,22.04.2020,23.0,11.5,65.75,Lyr,Annen torskefisk,11.7,2020-04-22
1997006401.0,30.11.2010,20.0,14.56401,68.75918,Kveite,"Annen flatfisk, bunnfisk og dypvannsfisk",83.7,2010-11-30
1993001472.0,11.06.2014,6.0,29.42593,70.64198,Torsk,Torsk,273.0,2014-11-06
1998004587.0,16.05.2001,26.0,25.37756,71.13554,Gråsteinbit,Steinbiter,133.7,2001-05-16
1993000759.0,10.01.2007,35.0,17.5,70.25,Uer (vanlig),Uer,9.0,2007-10-01
2003022225.0,20.02.2015,4.0,12.33333,67.33333,Torsk,Torsk,,2015-02-20
2003019582.0,18.12.2018,7.0,7.49065,63.24359,Hummer,"Andre skalldyr, bløtdyr og pigghuder",2.6,2018-12-18
1997002893.0,05.09.2013,40.0,18.65184,69.26688,Brosme,Annen torskefisk,29.4,2013-05-09
1963005475.0,07.01.2006,24.0,15.47374,69.26583,Sei,Sei,18.9,2006-07-01
1990007806.0,31.10.2006,24.0,15.47374,69.26583,Torsk,Torsk,307.5,2006-10-31
1998003781.0,04.03.2015,7.0,7.49065,63.24359,Lysing,Annen torskefisk,36.0,2015-04-03
1972007652.0,07.02.2012,15.0,13.44548,68.29821,Torsk,Torsk,462.0,2012-07-02
,15.03.2000,5.0,28.06428,70.41512,Torsk,Torsk,13.5,2000-03-15
2016072712.0,24.08.2016,19.0,6.23771,59.3805,Bergnebb,Leppefisk,5.9,2016-08-24
1991004898.0,24.02.2005,35.0,17.5,70.25,Torsk,Torsk,,2005-02-24
2005033466.0,05.03.2012,15.0,5.22302,59.73966,Lysing,Annen torskefisk,229.2,2012-05-03
2011053689.0,13.02.2012,16.0,5.37624,59.23466,Torsk,Torsk,5.9,2012-02-13
,08.07.2010,39.0,19.33211,69.54236,Kveite,"Annen flatfisk, bunnfisk og dypvannsfisk",23.0,2010-08-07
1986010587.0,18.05.2004,1.0,18.5,70.25,Sei,Sei,32.4,2004-05-18
2004027005.0,02.02.2006,17.0,6.56095,58.25116,Lyr,Annen torskefisk,131.1,2006-02-02
2008045229.0,16.11.2021,3.0,33.0,72.5,Blåkveite,Blåkveite,8.4,2021-11-16
,31.10.2005,4.0,4.5,61.75,Breiflabb,"Annen flatfisk, bunnfisk og dypvannsfisk",2.4,2005-10-31
,03.04.2009,25.0,9.61139,63.78643,Torsk,Torsk,2299.5,2009-03-04
1982011302.0,09.03.2013,23.0,14.5,69.25,Sei,Sei,229.5,2013-09-03
1995005123.0,24.03.2006,3.0,11.5,67.25,Torsk,Torsk,,2006-03-24
1995010457.0,16.06.2005,3.0,20.4513,70.26784,Torsk,Torsk,97.5,2005-06-16
1987001327.0,07.02.2006,3.0,20.4513,70.26784,Torsk,Torsk,,2006-07-02
1980006143.0,25.10.2004,48.0,13.71385,68.08439,Uer (vanlig),Uer,3.0,2004-10-25
2001015702.0,08.11.2003,37.0,17.20863,68.34791,Norsk vårgytende sild,"Sild, norsk vårgytende",334565.0,2003-08-11
1995011133.0,11.01.2001,30.0,17.491,69.74206,Brosme,Annen torskefisk,4.2,2001-11-01
1998013091.0,10.03.2010,20.0,10.5,59.25,Sjøkreps,"Andre skalldyr, bløtdyr og pigghuder",11.0,2010-10-03
2008042488.0,02.12.2008,18.0,11.56914,65.22203,Torsk,Torsk,85.5,2008-02-12
1996006144.0,27.03.2006,4.0,12.33333,67.33333,Torsk,Torsk,450.0,2006-03-27
,17.03.2000,4.0,21.52462,70.33232,Hyse,Hyse,123.2,2000-03-17
1999005400.0,23.04.2003,11.0,14.53782,67.75442,Sei,Sei,27.0,2003-04-23
2011054408.0,07.04.2013,19.0,18.5,71.25,Sei,Sei,1518.8,2013-07-04
1999001805.0,07.02.2003,6.0,29.42593,70.64198,Brosme,Annen torskefisk,2.8,2003-07-02
1997008682.0,31.01.2003,18.0,6.2079,58.92551,Lyr,Annen torskefisk,36.8,2003-01-31
2013060913.0,14.12.2013,17.0,6.56095,58.25116,Piggvar,"Annen flatfisk, bunnfisk og dypvannsfisk",2.8,2013-12-14
1994007068.0,02.08.2013,3.0,31.5,70.25,Blåkveite,Blåkveite,567.6,2013-02-08
1991005293.0,29.03.2012,4.0,12.33333,67.33333,Torsk,Torsk,121.5,2012-03-29
1998012694.0,25.11.2002,25.0,7.5,57.75,Lysing,Annen torskefisk,11.4,2002-11-25
,16.10.2002,53.0,14.43561,67.19701,Brosme,Annen torskefisk,21.0,2002-10-16
1992004299.0,27.06.2017,17.0,6.56095,58.25116,Torsk,Torsk,11.8,2017-06-27
1999003712.0,25.11.2004,10.0,22.0,74.5,Torsk,Torsk,8464.5,2004-11-25
1994005512.0,08.04.2021,10.0,13.41423,67.82298,Torsk,Torsk,688.0,2021-08-04
2013060892.0,02.11.2018,3.0,20.4513,70.26784,Torsk,Torsk,2071.5,2018-02-11
1998006089.0,08.12.2007,46.0,14.56579,68.15924,Norsk vårgytende sild,"Sild, norsk vårgytende",15880.0,2007-08-12
1982009808.0,22.04.2013,12.0,10.50548,64.74619,Torsk,Torsk,442.5,2013-04-22
1978006010.0,20.02.2007,24.0,15.47374,69.26583,Torsk,Torsk,231.0,2007-02-20
1999009719.0,18.01.2021,24.0,15.47374,69.26583,Sei,Sei,120.15,2021-01-18
,03.12.2002,16.0,5.37624,59.23466,Breiflabb,"Annen flatfisk, bunnfisk og dypvannsfisk",61.6,2002-03-12
2005032685.0,01.08.2012,17.0,6.56095,58.25116,Sjøkreps,"Andre skalldyr, bløtdyr og pigghuder",3.5,2012-01-08
2000013380.0,15.12.2003,19.0,29.0,73.25,Flekksteinbit,Steinbiter,810.2,2003-12-15
2005032505.0,10.04.2010,35.0,12.65937,65.69263,Lyr,Annen torskefisk,3.9,2010-10-04
1997005973.0,30.03.2012,46.0,14.56579,68.15924,Torsk,Torsk,22.5,2012-03-30
1992012399.0,21.04.2005,16.0,9.5,58.75,Lange,Annen torskefisk,2.8,2005-04-21
1987009374.0,25.05.2002,4.0,4.5,61.75,Sei,Sei,226.8,2002-05-25
,18.09.2012,4.0,4.5,61.75,Taskekrabbe,Taskekrabbe,70.0,2012-09-18
2007038348.0,19.11.2008,20.0,10.5,59.25,Hvitting,Annen torskefisk,1.0,2008-11-19
2002019184.0,07.04.2021,16.0,9.5,58.75,Dypvannsreke,Dypvannsreke,0.0,2021-07-04
2007037990.0,19.12.2012,1.0,5.5,58.25,Sei,Sei,304.8,2012-12-19
1987005837.0,20.11.2009,15.0,31.5,71.25,Torsk,Torsk,2715.0,2009-11-20
1996008767.0,30.11.2013,17.0,6.56095,58.25116,Hummer,"Andre skalldyr, bløtdyr og pigghuder",3.0,2013-11-30
1995004922.0,30.03.2017,27.0,11.5,66.25,Lange,Annen torskefisk,18.2,2017-03-30
1994008118.0,02.07.2018,24.0,25.53489,70.46517,"Kongekrabbe, han-","Kongekrabbe, han",584.0,2018-02-07
1999010693.0,07.09.2009,25.0,16.61634,69.26902,Kveite,"Annen flatfisk, bunnfisk og dypvannsfisk",3.9,2009-07-09
1988013144.0,03.05.2005,17.0,10.5,58.75,Torsk,Torsk,28.9,2005-03-05
1990004460.0,31.03.2001,50.0,13.66667,67.61111,Torsk,Torsk,30.0,2001-03-31
2015069833.0,07.08.2018,30.0,7.67022,57.81892,Taskekrabbe,Taskekrabbe,672.0,2018-07-08
,10.03.2000,40.0,5.52325,60.70822,Hyse,Hyse,18.2,2000-10-03
1987004066.0,01.03.2008,3.0,11.5,67.25,Torsk,Torsk,240.0,2008-01-03
1987004725.0,28.03.2012,33.0,5.59752,62.21811,Lange,Annen torskefisk,14.0,2012-03-28
1992010415.0,27.03.2006,11.0,21.54827,70.73675,Torsk,Torsk,,2006-03-27
2020113976.0,26.11.2021,25.0,16.61634,69.26902,Sei,Sei,654.75,2021-11-26
1996005119.0,30.05.2003,25.0,26.79157,70.49274,Torsk,Torsk,1188.0,2003-05-30
1984012958.0,08.04.2015,16.0,9.5,58.75,Torsk,Torsk,9.4,2015-08-04
2015070654.0,21.06.2017,20.0,10.5,59.25,Dypvannsreke,Dypvannsreke,0.0,2017-06-21
1978011465.0,07.02.2013,30.0,17.491,69.74206,Torsk,Torsk,,2013-07-02
1976011419.0,27.10.2005,35.0,17.5,70.25,Hyse,Hyse,81.2,2005-10-27
2001014461.0,22.09.2012,54.0,2.5,61.75,Makrell,Makrell,4508.0,2012-09-22
2005032166.0,04.12.2008,32.0,13.51657,66.70542,Torsk,Torsk,181.5,2008-04-12
1987005995.0,02.11.2009,25.0,26.79157,70.49274,Hyse,Hyse,39.2,2009-02-11
1998011358.0,05.03.2017,1.0,18.5,70.25,Torsk,Torsk,232.5,2017-05-03
1985013073.0,06.02.2018,20.0,10.5,59.25,Dypvannsreke,Dypvannsreke,210.0,2018-06-02
1980010956.0,30.04.2012,15.0,23.49366,70.11048,Torsk,Torsk,1632.5,2012-04-30
1998013091.0,19.08.2014,17.0,10.5,58.75,Sei,Sei,0.0,2014-08-19
1980006854.0,05.06.2012,27.0,11.5,66.25,Torsk,Torsk,129.0,2012-05-06
1998004204.0,24.07.2008,33.0,5.59752,62.21811,Lysing,Annen torskefisk,29.4,2008-07-24
2000013296.0,23.09.2019,20.0,19.5,71.25,Norsk vårgytende sild,"Sild, norsk vårgytende",472420.0,2019-09-23
1991010502.0,07.09.2007,2.0,19.5,70.25,Torsk,Torsk,4.5,2007-07-09
1997006661.0,25.04.2005,12.0,10.50548,64.74619,Torsk,Torsk,679.5,2005-04-25
